,index,count,type,stroke,speed
543,"(21, 2.6)",0.00025,Встречный ветер,21,2.6
771,"(21, 3.0)",0.00031645569620253165,Без ветра,21,3.0
782,"(22, 2.9)",0.00031645569620253165,Без ветра,22,2.9
479,"(22, 3.0)",0.00025,Встречный ветер,22,3.0
753,"(22, 3.0)",0.00031645569620253165,Без ветра,22,3.0
554,"(22, 3.7)",0.00025,Встречный ветер,22,3.7
737,"(22, 3.7)",0.0006329113924050633,Без ветра,22,3.7
712,"(22, 3.8)",0.0009493670886075949,Без ветра,22,3.8
202,"(22, 4.0)",0.0005102040816326531,Попутный ветер,22,4.0
781,"(22, 4.1)",0.00031645569620253165,Без ветра,22,4.1
776,"(23, 3.1)",0.00031645569620253165,Без ветра,23,3.1
414,"(23, 3.7)",0.0005,Встречный ветер,23,3.7
768,"(23, 3.7)",0.00031645569620253165,Без ветра,23,3.7
510,"(23, 3.8)",0.00025,Встречный ветер,23,3.8
705,"(23, 3.8)",0.0009493670886075949,Без ветра,23,3.8
194,"(23, 3.9)",0.0005102040816326531,Попутный ветер,23,3.9
375,"(23, 3.9)",0.00075,Встречный ветер,23,3.9
807,"(23, 3.9)",0.00031645569620253165,Без ветра,23,3.9
193,"(23, 4.1)",0.0005102040816326531,Попутный ветер,23,4.1
509,"(24, 3.2)",0.00025,Встречный ветер,24,3.2
430,"(24, 3.5)",0.0005,Встречный ветер,24,3.5
160,"(24, 3.7)",0.0005102040816326531,Попутный ветер,24,3.7
763,"(24, 3.7)",0.00031645569620253165,Без ветра,24,3.7
186,"(24, 3.8)",0.0005102040816326531,Попутный ветер,24,3.8
369,"(24, 3.8)",0.00075,Встречный ветер,24,3.8
700,"(24, 3.8)",0.0009493670886075949,Без ветра,24,3.8
198,"(24, 3.9)",0.0005102040816326531,Попутный ветер,24,3.9
357,"(24, 3.9)",0.001,Встречный ветер,24,3.9
714,"(24, 3.9)",0.0006329113924050633,Без ветра,24,3.9
118,"(24, 4.0)",0.001530612244897959,Попутный ветер,24,4.0
340,"(24, 4.0)",0.00125,Встречный ветер,24,4.0
678,"(24, 4.0)",0.0012658227848101266,Без ветра,24,4.0
120,"(24, 4.1)",0.0010204081632653062,Попутный ветер,24,4.1
387,"(24, 4.1)",0.00075,Встречный ветер,24,4.1
486,"(25, 2.9)",0.00025,Встречный ветер,25,2.9
443,"(25, 3.3)",0.0005,Встречный ветер,25,3.3
459,"(25, 3.6)",0.00025,Встречный ветер,25,3.6
770,"(25, 3.6)",0.00031645569620253165,Без ветра,25,3.6
133,"(25, 3.7)",0.0010204081632653062,Попутный ветер,25,3.7
417,"(25, 3.7)",0.0005,Встречный ветер,25,3.7
812,"(25, 3.7)",0.00031645569620253165,Без ветра,25,3.7
110,"(25, 3.8)",0.001530612244897959,Попутный ветер,25,3.8
373,"(25, 3.8)",0.00075,Встречный ветер,25,3.8
745,"(25, 3.8)",0.0006329113924050633,Без ветра,25,3.8
346,"(25, 3.9)",0.001,Встречный ветер,25,3.9
693,"(25, 3.9)",0.0012658227848101266,Без ветра,25,3.9
140,"(25, 4.0)",0.0010204081632653062,Попутный ветер,25,4.0
333,"(25, 4.0)",0.00125,Встречный ветер,25,4.0
731,"(25, 4.0)",0.0006329113924050633,Без ветра,25,4.0
389,"(25, 4.1)",0.00075,Встречный ветер,25,4.1
699,"(25, 4.1)",0.0009493670886075949,Без ветра,25,4.1
205,"(25, 4.2)",0.0005102040816326531,Попутный ветер,25,4.2
788,"(25, 4.3)",0.00031645569620253165,Без ветра,25,4.3
546,"(26, 3.3)",0.00025,Встречный ветер,26,3.3
397,"(26, 3.4)",0.0005,Встречный ветер,26,3.4
562,"(26, 3.6)",0.00025,Встречный ветер,26,3.6
557,"(26, 3.7)",0.00025,Встречный ветер,26,3.7
180,"(26, 3.8)",0.0005102040816326531,Попутный ветер,26,3.8
159,"(26, 3.9)",0.0005102040816326531,Попутный ветер,26,3.9
361,"(26, 3.9)",0.001,Встречный ветер,26,3.9
119,"(26, 4.0)",0.0010204081632653062,Попутный ветер,26,4.0
342,"(26, 4.0)",0.00125,Встречный ветер,26,4.0
735,"(26, 4.0)",0.0006329113924050633,Без ветра,26,4.0
114,"(26, 4.1)",0.001530612244897959,Попутный ветер,26,4.1
304,"(26, 4.1)",0.00225,Встречный ветер,26,4.1
746,"(26, 4.1)",0.0006329113924050633,Без ветра,26,4.1
139,"(26, 4.2)",0.0010204081632653062,Попутный ветер,26,4.2
339,"(26, 4.2)",0.00125,Встречный ветер,26,4.2
743,"(26, 4.2)",0.0006329113924050633,Без ветра,26,4.2
117,"(26, 4.3)",0.001530612244897959,Попутный ветер,26,4.3
385,"(26, 4.3)",0.00075,Встречный ветер,26,4.3
200,"(26, 4.4)",0.0005102040816326531,Попутный ветер,26,4.4
499,"(27, 2.8)",0.00025,Встречный ветер,27,2.8
553,"(27, 3.2)",0.00025,Встречный ветер,27,3.2
418,"(27, 3.5)",0.0005,Встречный ветер,27,3.5
795,"(27, 3.6)",0.00031645569620253165,Без ветра,27,3.6
563,"(27, 3.7)",0.00025,Встречный ветер,27,3.7
474,"(27, 3.8)",0.00025,Встречный ветер,27,3.8
201,"(27, 4.0)",0.0005102040816326531,Попутный ветер,27,4.0
321,"(27, 4.0)",0.00175,Встречный ветер,27,4.0
65,"(27, 4.1)",0.004591836734693878,Попутный ветер,27,4.1
297,"(27, 4.1)",0.00275,Встречный ветер,27,4.1
813,"(27, 4.1)",0.00031645569620253165,Без ветра,27,4.1
72,"(27, 4.2)",0.004081632653061225,Попутный ветер,27,4.2
295,"(27, 4.2)",0.003,Встречный ветер,27,4.2
722,"(27, 4.2)",0.0006329113924050633,Без ветра,27,4.2
69,"(27, 4.3)",0.004081632653061225,Попутный ветер,27,4.3
353,"(27, 4.3)",0.001,Встречный ветер,27,4.3
684,"(27, 4.3)",0.0012658227848101266,Без ветра,27,4.3
76,"(27, 4.4)",0.003061224489795918,Попутный ветер,27,4.4
516,"(27, 4.4)",0.00025,Встречный ветер,27,4.4
177,"(27, 4.5)",0.0005102040816326531,Попутный ветер,27,4.5
163,"(27, 4.6)",0.0005102040816326531,Попутный ветер,27,4.6
791,"(28, 2.7)",0.00031645569620253165,Без ветра,28,2.7
468,"(28, 3.3)",0.00025,Встречный ветер,28,3.3
556,"(28, 3.4)",0.00025,Встречный ветер,28,3.4
561,"(28, 3.6)",0.00025,Встречный ветер,28,3.6
493,"(28, 3.7)",0.00025,Встречный ветер,28,3.7
496,"(28, 3.8)",0.00025,Встречный ветер,28,3.8
377,"(28, 3.9)",0.00075,Встречный ветер,28,3.9
800,"(28, 3.9)",0.00031645569620253165,Без ветра,28,3.9
184,"(28, 4.0)",0.0005102040816326531,Попутный ветер,28,4.0
330,"(28, 4.0)",0.0015,Встречный ветер,28,4.0
747,"(28, 4.0)",0.0006329113924050633,Без ветра,28,4.0
112,"(28, 4.1)",0.001530612244897959,Попутный ветер,28,4.1
280,"(28, 4.1)",0.00375,Встречный ветер,28,4.1
701,"(28, 4.1)",0.0009493670886075949,Без ветра,28,4.1
95,"(28, 4.2)",0.0020408163265306124,Попутный ветер,28,4.2
274,"(28, 4.2)",0.00425,Встречный ветер,28,4.2
688,"(28, 4.2)",0.0012658227848101266,Без ветра,28,4.2
71,"(28, 4.3)",0.004081632653061225,Попутный ветер,28,4.3
273,"(28, 4.3)",0.00425,Встречный ветер,28,4.3
658,"(28, 4.3)",0.0022151898734177216,Без ветра,28,4.3
41,"(28, 4.4)",0.007142857142857143,Попутный ветер,28,4.4
370,"(28, 4.4)",0.00075,Встречный ветер,28,4.4
729,"(28, 4.4)",0.0006329113924050633,Без ветра,28,4.4
62,"(28, 4.5)",0.00510204081632653,Попутный ветер,28,4.5
354,"(28, 4.5)",0.001,Встречный ветер,28,4.5
101,"(28, 4.6)",0.001530612244897959,Попутный ветер,28,4.6
398,"(28, 4.6)",0.0005,Встречный ветер,28,4.6
534,"(28, 6.6)",0.00025,Встречный ветер,28,6.6
331,"(29, 3.6)",0.0015,Встречный ветер,29,3.6
207,"(29, 3.7)",0.0005102040816326531,Попутный ветер,29,3.7
341,"(29, 3.7)",0.00125,Встречный ветер,29,3.7
559,"(29, 3.9)",0.00025,Встречный ветер,29,3.9
371,"(29, 4.0)",0.00075,Встречный ветер,29,4.0
717,"(29, 4.0)",0.0006329113924050633,Без ветра,29,4.0
125,"(29, 4.1)",0.0010204081632653062,Попутный ветер,29,4.1
259,"(29, 4.1)",0.006,Встречный ветер,29,4.1
720,"(29, 4.1)",0.0006329113924050633,Без ветра,29,4.1
131,"(29, 4.2)",0.0010204081632653062,Попутный ветер,29,4.2
260,"(29, 4.2)",0.00575,Встречный ветер,29,4.2
657,"(29, 4.2)",0.0022151898734177216,Без ветра,29,4.2
64,"(29, 4.3)",0.004591836734693878,Попутный ветер,29,4.3
246,"(29, 4.3)",0.00875,Встречный ветер,29,4.3
638,"(29, 4.3)",0.003481012658227848,Без ветра,29,4.3
78,"(29, 4.4)",0.003061224489795918,Попутный ветер,29,4.4
241,"(29, 4.4)",0.00975,Встречный ветер,29,4.4
683,"(29, 4.4)",0.0012658227848101266,Без ветра,29,4.4
38,"(29, 4.5)",0.007653061224489796,Попутный ветер,29,4.5
301,"(29, 4.5)",0.0025,Встречный ветер,29,4.5
711,"(29, 4.5)",0.0009493670886075949,Без ветра,29,4.5
37,"(29, 4.6)",0.007653061224489796,Попутный ветер,29,4.6
422,"(29, 4.6)",0.0005,Встречный ветер,29,4.6
748,"(29, 4.6)",0.00031645569620253165,Без ветра,29,4.6
75,"(29, 4.7)",0.003061224489795918,Попутный ветер,29,4.7
565,"(29, 4.7)",0.00025,Встречный ветер,29,4.7
473,"(29, 4.8)",0.00025,Встречный ветер,29,4.8
520,"(29, 4.9)",0.00025,Встречный ветер,29,4.9
182,"(30, 3.6)",0.0005102040816326531,Попутный ветер,30,3.6
378,"(30, 3.6)",0.00075,Встречный ветер,30,3.6
299,"(30, 3.7)",0.00275,Встречный ветер,30,3.7
298,"(30, 3.8)",0.00275,Встречный ветер,30,3.8
171,"(30, 3.9)",0.0005102040816326531,Попутный ветер,30,3.9
355,"(30, 3.9)",0.001,Встречный ветер,30,3.9
805,"(30, 3.9)",0.00031645569620253165,Без ветра,30,3.9
199,"(30, 4.0)",0.0005102040816326531,Попутный ветер,30,4.0
309,"(30, 4.0)",0.002,Встречный ветер,30,4.0
115,"(30, 4.1)",0.001530612244897959,Попутный ветер,30,4.1
268,"(30, 4.1)",0.00475,Встречный ветер,30,4.1
708,"(30, 4.1)",0.0009493670886075949,Без ветра,30,4.1
148,"(30, 4.2)",0.0005102040816326531,Попутный ветер,30,4.2
263,"(30, 4.2)",0.0055,Встречный ветер,30,4.2
719,"(30, 4.2)",0.0006329113924050633,Без ветра,30,4.2
47,"(30, 4.3)",0.0066326530612244895,Попутный ветер,30,4.3
247,"(30, 4.3)",0.0085,Встречный ветер,30,4.3
663,"(30, 4.3)",0.0018987341772151898,Без ветра,30,4.3
79,"(30, 4.4)",0.003061224489795918,Попутный ветер,30,4.4
231,"(30, 4.4)",0.013,Встречный ветер,30,4.4
628,"(30, 4.4)",0.004430379746835443,Без ветра,30,4.4
40,"(30, 4.5)",0.007142857142857143,Попутный ветер,30,4.5
271,"(30, 4.5)",0.00475,Встречный ветер,30,4.5
612,"(30, 4.5)",0.00569620253164557,Без ветра,30,4.5
34,"(30, 4.6)",0.007653061224489796,Попутный ветер,30,4.6
368,"(30, 4.6)",0.00075,Встречный ветер,30,4.6
619,"(30, 4.6)",0.005063291139240506,Без ветра,30,4.6
63,"(30, 4.7)",0.004591836734693878,Попутный ветер,30,4.7
560,"(30, 4.7)",0.00025,Встречный ветер,30,4.7
138,"(30, 4.8)",0.0010204081632653062,Попутный ветер,30,4.8
539,"(30, 4.9)",0.00025,Встречный ветер,30,4.9
537,"(30, 5.0)",0.00025,Встречный ветер,30,5.0
483,"(30, 6.4)",0.00025,Встречный ветер,30,6.4
533,"(31, 3.3)",0.00025,Встречный ветер,31,3.3
756,"(31, 3.6)",0.00031645569620253165,Без ветра,31,3.6
319,"(31, 3.8)",0.00175,Встречный ветер,31,3.8
764,"(31, 3.8)",0.00031645569620253165,Без ветра,31,3.8
284,"(31, 3.9)",0.0035,Встречный ветер,31,3.9
626,"(31, 3.9)",0.004430379746835443,Без ветра,31,3.9
127,"(31, 4.0)",0.0010204081632653062,Попутный ветер,31,4.0
292,"(31, 4.0)",0.00325,Встречный ветер,31,4.0
730,"(31, 4.0)",0.0006329113924050633,Без ветра,31,4.0
58,"(31, 4.1)",0.00510204081632653,Попутный ветер,31,4.1
249,"(31, 4.1)",0.008,Встречный ветер,31,4.1
727,"(31, 4.1)",0.0006329113924050633,Без ветра,31,4.1
83,"(31, 4.2)",0.002551020408163265,Попутный ветер,31,4.2
239,"(31, 4.2)",0.01,Встречный ветер,31,4.2
774,"(31, 4.2)",0.00031645569620253165,Без ветра,31,4.2
96,"(31, 4.3)",0.0020408163265306124,Попутный ветер,31,4.3
224,"(31, 4.3)",0.016,Встречный ветер,31,4.3
634,"(31, 4.3)",0.0037974683544303796,Без ветра,31,4.3
28,"(31, 4.4)",0.008673469387755102,Попутный ветер,31,4.4
226,"(31, 4.4)",0.01475,Встречный ветер,31,4.4
624,"(31, 4.4)",0.004746835443037975,Без ветра,31,4.4
20,"(31, 4.5)",0.012244897959183673,Попутный ветер,31,4.5
281,"(31, 4.5)",0.00375,Встречный ветер,31,4.5
598,"(31, 4.5)",0.00949367088607595,Без ветра,31,4.5
50,"(31, 4.6)",0.006122448979591836,Попутный ветер,31,4.6
250,"(31, 4.6)",0.008,Встречный ветер,31,4.6
595,"(31, 4.6)",0.010443037974683544,Без ветра,31,4.6
27,"(31, 4.7)",0.008673469387755102,Попутный ветер,31,4.7
307,"(31, 4.7)",0.00225,Встречный ветер,31,4.7
631,"(31, 4.7)",0.0037974683544303796,Без ветра,31,4.7
52,"(31, 4.8)",0.005612244897959183,Попутный ветер,31,4.8
690,"(31, 4.8)",0.0012658227848101266,Без ветра,31,4.8
169,"(31, 4.9)",0.0005102040816326531,Попутный ветер,31,4.9
446,"(31, 5.3)",0.00025,Встречный ветер,31,5.3
408,"(31, 5.4)",0.0005,Встречный ветер,31,5.4
502,"(31, 5.6)",0.00025,Встречный ветер,31,5.6
471,"(31, 5.9)",0.00025,Встречный ветер,31,5.9
454,"(31, 6.2)",0.00025,Встречный ветер,31,6.2
752,"(32, 3.2)",0.00031645569620253165,Без ветра,32,3.2
801,"(32, 3.4)",0.00031645569620253165,Без ветра,32,3.4
535,"(32, 3.6)",0.00025,Встречный ветер,32,3.6
396,"(32, 3.7)",0.0005,Встречный ветер,32,3.7
480,"(32, 3.8)",0.00025,Встречный ветер,32,3.8
282,"(32, 3.9)",0.00375,Встречный ветер,32,3.9
694,"(32, 3.9)",0.0012658227848101266,Без ветра,32,3.9
129,"(32, 4.0)",0.0010204081632653062,Попутный ветер,32,4.0
276,"(32, 4.0)",0.00425,Встречный ветер,32,4.0
664,"(32, 4.0)",0.0018987341772151898,Без ветра,32,4.0
25,"(32, 4.1)",0.009693877551020408,Попутный ветер,32,4.1
238,"(32, 4.1)",0.01,Встречный ветер,32,4.1
790,"(32, 4.1)",0.00031645569620253165,Без ветра,32,4.1
24,"(32, 4.2)",0.01020408163265306,Попутный ветер,32,4.2
244,"(32, 4.2)",0.0095,Встречный ветер,32,4.2
48,"(32, 4.3)",0.0066326530612244895,Попутный ветер,32,4.3
216,"(32, 4.3)",0.0245,Встречный ветер,32,4.3
689,"(32, 4.3)",0.0012658227848101266,Без ветра,32,4.3
29,"(32, 4.4)",0.00816326530612245,Попутный ветер,32,4.4
212,"(32, 4.4)",0.02925,Встречный ветер,32,4.4
621,"(32, 4.4)",0.004746835443037975,Без ветра,32,4.4
46,"(32, 4.5)",0.0066326530612244895,Попутный ветер,32,4.5
218,"(32, 4.5)",0.02,Встречный ветер,32,4.5
599,"(32, 4.5)",0.007911392405063292,Без ветра,32,4.5
15,"(32, 4.6)",0.01479591836734694,Попутный ветер,32,4.6
223,"(32, 4.6)",0.01625,Встречный ветер,32,4.6
593,"(32, 4.6)",0.010759493670886076,Без ветра,32,4.6
7,"(32, 4.7)",0.025,Попутный ветер,32,4.7
255,"(32, 4.7)",0.007,Встречный ветер,32,4.7
610,"(32, 4.7)",0.006012658227848101,Без ветра,32,4.7
11,"(32, 4.8)",0.019387755102040816,Попутный ветер,32,4.8
293,"(32, 4.8)",0.00325,Встречный ветер,32,4.8
592,"(32, 4.8)",0.01170886075949367,Без ветра,32,4.8
103,"(32, 4.9)",0.001530612244897959,Попутный ветер,32,4.9
410,"(32, 4.9)",0.0005,Встречный ветер,32,4.9
687,"(32, 4.9)",0.0012658227848101266,Без ветра,32,4.9
476,"(32, 5.0)",0.00025,Встречный ветер,32,5.0
381,"(32, 5.1)",0.00075,Встречный ветер,32,5.1
508,"(32, 5.2)",0.00025,Встречный ветер,32,5.2
564,"(32, 5.4)",0.00025,Встречный ветер,32,5.4
382,"(32, 5.5)",0.00075,Встречный ветер,32,5.5
542,"(32, 5.9)",0.00025,Встречный ветер,32,5.9
532,"(33, 2.9)",0.00025,Встречный ветер,33,2.9
144,"(33, 3.0)",0.0005102040816326531,Попутный ветер,33,3.0
453,"(33, 3.4)",0.00025,Встречный ветер,33,3.4
345,"(33, 3.8)",0.001,Встречный ветер,33,3.8
167,"(33, 3.9)",0.0005102040816326531,Попутный ветер,33,3.9
306,"(33, 3.9)",0.00225,Встречный ветер,33,3.9
270,"(33, 4.0)",0.00475,Встречный ветер,33,4.0
251,"(33, 4.1)",0.0075,Встречный ветер,33,4.1
682,"(33, 4.1)",0.0012658227848101266,Без ветра,33,4.1
67,"(33, 4.2)",0.004591836734693878,Попутный ветер,33,4.2
254,"(33, 4.2)",0.00725,Встречный ветер,33,4.2
30,"(33, 4.3)",0.00816326530612245,Попутный ветер,33,4.3
232,"(33, 4.3)",0.01175,Встречный ветер,33,4.3
680,"(33, 4.3)",0.0012658227848101266,Без ветра,33,4.3
43,"(33, 4.4)",0.007142857142857143,Попутный ветер,33,4.4
214,"(33, 4.4)",0.02675,Встречный ветер,33,4.4
600,"(33, 4.4)",0.007911392405063292,Без ветра,33,4.4
14,"(33, 4.5)",0.015306122448979591,Попутный ветер,33,4.5
221,"(33, 4.5)",0.0185,Встречный ветер,33,4.5
594,"(33, 4.5)",0.010443037974683544,Без ветра,33,4.5
13,"(33, 4.6)",0.017346938775510204,Попутный ветер,33,4.6
215,"(33, 4.6)",0.025,Встречный ветер,33,4.6
587,"(33, 4.6)",0.01550632911392405,Без ветра,33,4.6
5,"(33, 4.7)",0.027551020408163266,Попутный ветер,33,4.7
227,"(33, 4.7)",0.01475,Встречный ветер,33,4.7
591,"(33, 4.7)",0.012025316455696202,Без ветра,33,4.7
1,"(33, 4.8)",0.04285714285714286,Попутный ветер,33,4.8
266,"(33, 4.8)",0.005,Встречный ветер,33,4.8
584,"(33, 4.8)",0.015822784810126583,Без ветра,33,4.8
17,"(33, 4.9)",0.014285714285714285,Попутный ветер,33,4.9
315,"(33, 4.9)",0.00175,Встречный ветер,33,4.9
639,"(33, 4.9)",0.0031645569620253164,Без ветра,33,4.9
162,"(33, 5.0)",0.0005102040816326531,Попутный ветер,33,5.0
312,"(33, 5.0)",0.00175,Встречный ветер,33,5.0
744,"(33, 5.0)",0.0006329113924050633,Без ветра,33,5.0
755,"(33, 5.1)",0.00031645569620253165,Без ветра,33,5.1
347,"(33, 5.2)",0.001,Встречный ветер,33,5.2
366,"(33, 5.4)",0.00075,Встречный ветер,33,5.4
401,"(33, 5.5)",0.0005,Встречный ветер,33,5.5
405,"(33, 5.6)",0.0005,Встречный ветер,33,5.6
420,"(33, 5.7)",0.0005,Встречный ветер,33,5.7
435,"(33, 5.8)",0.0005,Встречный ветер,33,5.8
541,"(33, 7.1)",0.00025,Встречный ветер,33,7.1
143,"(34, 1.1)",0.0005102040816326531,Попутный ветер,34,1.1
512,"(34, 2.8)",0.00025,Встречный ветер,34,2.8
550,"(34, 2.9)",0.00025,Встречный ветер,34,2.9
457,"(34, 3.6)",0.00025,Встречный ветер,34,3.6
504,"(34, 3.8)",0.00025,Встречный ветер,34,3.8
441,"(34, 3.9)",0.0005,Встречный ветер,34,3.9
433,"(34, 4.0)",0.0005,Встречный ветер,34,4.0
275,"(34, 4.1)",0.00425,Встречный ветер,34,4.1
716,"(34, 4.1)",0.0006329113924050633,Без ветра,34,4.1
256,"(34, 4.2)",0.007,Встречный ветер,34,4.2
739,"(34, 4.2)",0.0006329113924050633,Без ветра,34,4.2
88,"(34, 4.3)",0.002551020408163265,Попутный ветер,34,4.3
230,"(34, 4.3)",0.0135,Встречный ветер,34,4.3
665,"(34, 4.3)",0.0018987341772151898,Без ветра,34,4.3
19,"(34, 4.4)",0.012755102040816327,Попутный ветер,34,4.4
220,"(34, 4.4)",0.01875,Встречный ветер,34,4.4
618,"(34, 4.4)",0.005379746835443038,Без ветра,34,4.4
42,"(34, 4.5)",0.007142857142857143,Попутный ветер,34,4.5
217,"(34, 4.5)",0.02125,Встречный ветер,34,4.5
602,"(34, 4.5)",0.007594936708860759,Без ветра,34,4.5
10,"(34, 4.6)",0.02040816326530612,Попутный ветер,34,4.6
211,"(34, 4.6)",0.0335,Встречный ветер,34,4.6
577,"(34, 4.6)",0.021835443037974682,Без ветра,34,4.6
3,"(34, 4.7)",0.037244897959183676,Попутный ветер,34,4.7
222,"(34, 4.7)",0.0185,Встречный ветер,34,4.7
574,"(34, 4.7)",0.03069620253164557,Без ветра,34,4.7
2,"(34, 4.8)",0.04081632653061224,Попутный ветер,34,4.8
234,"(34, 4.8)",0.01125,Встречный ветер,34,4.8
572,"(34, 4.8)",0.036075949367088606,Без ветра,34,4.8
18,"(34, 4.9)",0.013265306122448979,Попутный ветер,34,4.9
324,"(34, 4.9)",0.00175,Встречный ветер,34,4.9
596,"(34, 4.9)",0.010126582278481013,Без ветра,34,4.9
51,"(34, 5.0)",0.006122448979591836,Попутный ветер,34,5.0
374,"(34, 5.0)",0.00075,Встречный ветер,34,5.0
704,"(34, 5.0)",0.0009493670886075949,Без ветра,34,5.0
197,"(34, 5.1)",0.0005102040816326531,Попутный ветер,34,5.1
436,"(34, 5.1)",0.0005,Встречный ветер,34,5.1
798,"(34, 5.1)",0.00031645569620253165,Без ветра,34,5.1
400,"(34, 5.3)",0.0005,Встречный ветер,34,5.3
442,"(34, 5.5)",0.0005,Встречный ветер,34,5.5
393,"(34, 5.7)",0.00075,Встречный ветер,34,5.7
460,"(34, 5.8)",0.00025,Встречный ветер,34,5.8
518,"(34, 5.9)",0.00025,Встречный ветер,34,5.9
491,"(34, 6.1)",0.00025,Встречный ветер,34,6.1
522,"(34, 6.5)",0.00025,Встречный ветер,34,6.5
424,"(34, 6.6)",0.0005,Встречный ветер,34,6.6
437,"(34, 6.7)",0.0005,Встречный ветер,34,6.7
568,"(34, 7.0)",0.00025,Встречный ветер,34,7.0
531,"(34, 8.2)",0.00025,Встречный ветер,34,8.2
455,"(34, 8.7)",0.00025,Встречный ветер,34,8.7
488,"(34, 9.7)",0.00025,Встречный ветер,34,9.7
487,"(35, 3.1)",0.00025,Встречный ветер,35,3.1
529,"(35, 3.2)",0.00025,Встречный ветер,35,3.2
451,"(35, 3.4)",0.00025,Встречный ветер,35,3.4
434,"(35, 3.6)",0.0005,Встречный ветер,35,3.6
779,"(35, 3.6)",0.00031645569620253165,Без ветра,35,3.6
409,"(35, 3.9)",0.0005,Встречный ветер,35,3.9
303,"(35, 4.0)",0.0025,Встречный ветер,35,4.0
290,"(35, 4.1)",0.00325,Встречный ветер,35,4.1
715,"(35, 4.1)",0.0006329113924050633,Без ветра,35,4.1
286,"(35, 4.2)",0.0035,Встречный ветер,35,4.2
655,"(35, 4.2)",0.0022151898734177216,Без ветра,35,4.2
60,"(35, 4.3)",0.00510204081632653,Попутный ветер,35,4.3
236,"(35, 4.3)",0.01075,Встречный ветер,35,4.3
632,"(35, 4.3)",0.0037974683544303796,Без ветра,35,4.3
21,"(35, 4.4)",0.01173469387755102,Попутный ветер,35,4.4
235,"(35, 4.4)",0.011,Встречный ветер,35,4.4
635,"(35, 4.4)",0.0037974683544303796,Без ветра,35,4.4
26,"(35, 4.5)",0.009183673469387756,Попутный ветер,35,4.5
228,"(35, 4.5)",0.0145,Встречный ветер,35,4.5
627,"(35, 4.5)",0.004430379746835443,Без ветра,35,4.5
36,"(35, 4.6)",0.007653061224489796,Попутный ветер,35,4.6
213,"(35, 4.6)",0.02825,Встречный ветер,35,4.6
583,"(35, 4.6)",0.018670886075949366,Без ветра,35,4.6
9,"(35, 4.7)",0.02193877551020408,Попутный ветер,35,4.7
219,"(35, 4.7)",0.019,Встречный ветер,35,4.7
573,"(35, 4.7)",0.03417721518987342,Без ветра,35,4.7
0,"(35, 4.8)",0.047448979591836735,Попутный ветер,35,4.8
237,"(35, 4.8)",0.01,Встречный ветер,35,4.8
570,"(35, 4.8)",0.04588607594936709,Без ветра,35,4.8
6,"(35, 4.9)",0.025,Попутный ветер,35,4.9
264,"(35, 4.9)",0.005,Встречный ветер,35,4.9
579,"(35, 4.9)",0.019936708860759492,Без ветра,35,4.9
33,"(35, 5.0)",0.00816326530612245,Попутный ветер,35,5.0
376,"(35, 5.0)",0.00075,Встречный ветер,35,5.0
643,"(35, 5.0)",0.0031645569620253164,Без ветра,35,5.0
97,"(35, 5.1)",0.0020408163265306124,Попутный ветер,35,5.1
481,"(35, 5.1)",0.00025,Встречный ветер,35,5.1
802,"(35, 5.1)",0.00031645569620253165,Без ветра,35,5.1
190,"(35, 5.2)",0.0005102040816326531,Попутный ветер,35,5.2
528,"(35, 5.2)",0.00025,Встречный ветер,35,5.2
461,"(35, 5.3)",0.00025,Встречный ветер,35,5.3
515,"(35, 5.4)",0.00025,Встречный ветер,35,5.4
548,"(35, 5.5)",0.00025,Встречный ветер,35,5.5
445,"(35, 5.8)",0.0005,Встречный ветер,35,5.8
558,"(35, 5.9)",0.00025,Встречный ветер,35,5.9
525,"(35, 6.0)",0.00025,Встречный ветер,35,6.0
452,"(35, 6.8)",0.00025,Встречный ветер,35,6.8
513,"(35, 6.9)",0.00025,Встречный ветер,35,6.9
497,"(35, 7.4)",0.00025,Встречный ветер,35,7.4
538,"(35, 8.2)",0.00025,Встречный ветер,35,8.2
384,"(36, 3.8)",0.00075,Встречный ветер,36,3.8
350,"(36, 3.9)",0.001,Встречный ветер,36,3.9
317,"(36, 4.0)",0.00175,Встречный ветер,36,4.0
323,"(36, 4.1)",0.00175,Встречный ветер,36,4.1
685,"(36, 4.1)",0.0012658227848101266,Без ветра,36,4.1
322,"(36, 4.2)",0.00175,Встречный ветер,36,4.2
622,"(36, 4.2)",0.004746835443037975,Без ветра,36,4.2
92,"(36, 4.3)",0.0020408163265306124,Попутный ветер,36,4.3
265,"(36, 4.3)",0.005,Встречный ветер,36,4.3
617,"(36, 4.3)",0.005379746835443038,Без ветра,36,4.3
32,"(36, 4.4)",0.00816326530612245,Попутный ветер,36,4.4
243,"(36, 4.4)",0.0095,Встречный ветер,36,4.4
651,"(36, 4.4)",0.002531645569620253,Без ветра,36,4.4
68,"(36, 4.5)",0.004081632653061225,Попутный ветер,36,4.5
253,"(36, 4.5)",0.0075,Встречный ветер,36,4.5
604,"(36, 4.5)",0.006962025316455696,Без ветра,36,4.5
77,"(36, 4.6)",0.003061224489795918,Попутный ветер,36,4.6
225,"(36, 4.6)",0.01525,Встречный ветер,36,4.6
585,"(36, 4.6)",0.015822784810126583,Без ветра,36,4.6
23,"(36, 4.7)",0.010714285714285714,Попутный ветер,36,4.7
229,"(36, 4.7)",0.01425,Встречный ветер,36,4.7
575,"(36, 4.7)",0.02531645569620253,Без ветра,36,4.7
4,"(36, 4.8)",0.02857142857142857,Попутный ветер,36,4.8
233,"(36, 4.8)",0.0115,Встречный ветер,36,4.8
569,"(36, 4.8)",0.05189873417721519,Без ветра,36,4.8
8,"(36, 4.9)",0.025,Попутный ветер,36,4.9
258,"(36, 4.9)",0.0065,Встречный ветер,36,4.9
582,"(36, 4.9)",0.018670886075949366,Без ветра,36,4.9
49,"(36, 5.0)",0.006122448979591836,Попутный ветер,36,5.0
329,"(36, 5.0)",0.0015,Встречный ветер,36,5.0
625,"(36, 5.0)",0.004746835443037975,Без ветра,36,5.0
57,"(36, 5.1)",0.00510204081632653,Попутный ветер,36,5.1
390,"(36, 5.1)",0.00075,Встречный ветер,36,5.1
696,"(36, 5.1)",0.0009493670886075949,Без ветра,36,5.1
105,"(36, 5.2)",0.001530612244897959,Попутный ветер,36,5.2
458,"(36, 5.2)",0.00025,Встречный ветер,36,5.2
462,"(36, 5.3)",0.00025,Встречный ветер,36,5.3
769,"(36, 5.3)",0.00031645569620253165,Без ветра,36,5.3
494,"(36, 5.6)",0.00025,Встречный ветер,36,5.6
156,"(37, 1.5)",0.0005102040816326531,Попутный ветер,37,1.5
482,"(37, 3.9)",0.00025,Встречный ветер,37,3.9
472,"(37, 4.0)",0.00025,Встречный ветер,37,4.0
365,"(37, 4.1)",0.00075,Встречный ветер,37,4.1
406,"(37, 4.2)",0.0005,Встречный ветер,37,4.2
783,"(37, 4.2)",0.00031645569620253165,Без ветра,37,4.2
149,"(37, 4.3)",0.0005102040816326531,Попутный ветер,37,4.3
314,"(37, 4.3)",0.00175,Встречный ветер,37,4.3
681,"(37, 4.3)",0.0012658227848101266,Без ветра,37,4.3
106,"(37, 4.4)",0.001530612244897959,Попутный ветер,37,4.4
252,"(37, 4.4)",0.0075,Встречный ветер,37,4.4
667,"(37, 4.4)",0.0018987341772151898,Без ветра,37,4.4
56,"(37, 4.5)",0.00510204081632653,Попутный ветер,37,4.5
269,"(37, 4.5)",0.00475,Встречный ветер,37,4.5
645,"(37, 4.5)",0.002848101265822785,Без ветра,37,4.5
59,"(37, 4.6)",0.00510204081632653,Попутный ветер,37,4.6
245,"(37, 4.6)",0.00925,Встречный ветер,37,4.6
590,"(37, 4.6)",0.012974683544303797,Без ветра,37,4.6
44,"(37, 4.7)",0.0066326530612244895,Попутный ветер,37,4.7
240,"(37, 4.7)",0.00975,Встречный ветер,37,4.7
588,"(37, 4.7)",0.013924050632911392,Без ветра,37,4.7
16,"(37, 4.8)",0.01479591836734694,Попутный ветер,37,4.8
242,"(37, 4.8)",0.0095,Встречный ветер,37,4.8
571,"(37, 4.8)",0.04177215189873418,Без ветра,37,4.8
12,"(37, 4.9)",0.017346938775510204,Попутный ветер,37,4.9
257,"(37, 4.9)",0.00675,Встречный ветер,37,4.9
576,"(37, 4.9)",0.023734177215189875,Без ветра,37,4.9
55,"(37, 5.0)",0.005612244897959183,Попутный ветер,37,5.0
335,"(37, 5.0)",0.00125,Встречный ветер,37,5.0
603,"(37, 5.0)",0.007278481012658228,Без ветра,37,5.0
70,"(37, 5.1)",0.004081632653061225,Попутный ветер,37,5.1
325,"(37, 5.1)",0.00175,Встречный ветер,37,5.1
661,"(37, 5.1)",0.0018987341772151898,Без ветра,37,5.1
174,"(37, 5.2)",0.0005102040816326531,Попутный ветер,37,5.2
428,"(37, 5.2)",0.0005,Встречный ветер,37,5.2
733,"(37, 5.2)",0.0006329113924050633,Без ветра,37,5.2
126,"(37, 5.4)",0.0010204081632653062,Попутный ветер,37,5.4
465,"(37, 6.1)",0.00025,Встречный ветер,37,6.1
514,"(37, 6.5)",0.00025,Встречный ветер,37,6.5
540,"(37, 6.6)",0.00025,Встречный ветер,37,6.6
495,"(37, 8.3)",0.00025,Встречный ветер,37,8.3
179,"(38, 3.2)",0.0005102040816326531,Попутный ветер,38,3.2
147,"(38, 3.4)",0.0005102040816326531,Попутный ветер,38,3.4
490,"(38, 3.4)",0.00025,Встречный ветер,38,3.4
547,"(38, 3.6)",0.00025,Встречный ветер,38,3.6
778,"(38, 3.8)",0.00031645569620253165,Без ветра,38,3.8
463,"(38, 4.1)",0.00025,Встречный ветер,38,4.1
327,"(38, 4.3)",0.0015,Встречный ветер,38,4.3
738,"(38, 4.3)",0.0006329113924050633,Без ветра,38,4.3
285,"(38, 4.4)",0.0035,Встречный ветер,38,4.4
787,"(38, 4.4)",0.00031645569620253165,Без ветра,38,4.4
135,"(38, 4.5)",0.0010204081632653062,Попутный ветер,38,4.5
279,"(38, 4.5)",0.004,Встречный ветер,38,4.5
674,"(38, 4.5)",0.0015822784810126582,Без ветра,38,4.5
116,"(38, 4.6)",0.001530612244897959,Попутный ветер,38,4.6
261,"(38, 4.6)",0.00575,Встречный ветер,38,4.6
609,"(38, 4.6)",0.006012658227848101,Без ветра,38,4.6
39,"(38, 4.7)",0.007142857142857143,Попутный ветер,38,4.7
262,"(38, 4.7)",0.0055,Встречный ветер,38,4.7
589,"(38, 4.7)",0.013291139240506329,Без ветра,38,4.7
22,"(38, 4.8)",0.011224489795918367,Попутный ветер,38,4.8
248,"(38, 4.8)",0.008,Встречный ветер,38,4.8
578,"(38, 4.8)",0.02088607594936709,Без ветра,38,4.8
45,"(38, 4.9)",0.0066326530612244895,Попутный ветер,38,4.9
287,"(38, 4.9)",0.0035,Встречный ветер,38,4.9
581,"(38, 4.9)",0.01930379746835443,Без ветра,38,4.9
66,"(38, 5.0)",0.004591836734693878,Попутный ветер,38,5.0
277,"(38, 5.0)",0.004,Встречный ветер,38,5.0
597,"(38, 5.0)",0.009810126582278481,Без ветра,38,5.0
61,"(38, 5.1)",0.00510204081632653,Попутный ветер,38,5.1
320,"(38, 5.1)",0.00175,Встречный ветер,38,5.1
608,"(38, 5.1)",0.006329113924050633,Без ветра,38,5.1
80,"(38, 5.2)",0.003061224489795918,Попутный ветер,38,5.2
367,"(38, 5.2)",0.00075,Встречный ветер,38,5.2
706,"(38, 5.2)",0.0009493670886075949,Без ветра,38,5.2
121,"(38, 5.3)",0.0010204081632653062,Попутный ветер,38,5.3
475,"(38, 5.3)",0.00025,Встречный ветер,38,5.3
432,"(38, 5.4)",0.0005,Встречный ветер,38,5.4
185,"(39, 0.8)",0.0005102040816326531,Попутный ветер,39,0.8
192,"(39, 3.8)",0.0005102040816326531,Попутный ветер,39,3.8
191,"(39, 4.1)",0.0005102040816326531,Попутный ветер,39,4.1
808,"(39, 4.1)",0.00031645569620253165,Без ветра,39,4.1
521,"(39, 4.2)",0.00025,Встречный ветер,39,4.2
379,"(39, 4.3)",0.00075,Встречный ветер,39,4.3
332,"(39, 4.4)",0.00125,Встречный ветер,39,4.4
751,"(39, 4.4)",0.00031645569620253165,Без ветра,39,4.4
122,"(39, 4.5)",0.0010204081632653062,Попутный ветер,39,4.5
302,"(39, 4.5)",0.0025,Встречный ветер,39,4.5
734,"(39, 4.5)",0.0006329113924050633,Без ветра,39,4.5
100,"(39, 4.6)",0.001530612244897959,Попутный ветер,39,4.6
272,"(39, 4.6)",0.0045,Встречный ветер,39,4.6
653,"(39, 4.6)",0.002531645569620253,Без ветра,39,4.6
108,"(39, 4.7)",0.001530612244897959,Попутный ветер,39,4.7
278,"(39, 4.7)",0.004,Встречный ветер,39,4.7
620,"(39, 4.7)",0.005063291139240506,Без ветра,39,4.7
35,"(39, 4.8)",0.007653061224489796,Попутный ветер,39,4.8
283,"(39, 4.8)",0.00375,Встречный ветер,39,4.8
580,"(39, 4.8)",0.01930379746835443,Без ветра,39,4.8
31,"(39, 4.9)",0.00816326530612245,Попутный ветер,39,4.9
296,"(39, 4.9)",0.00275,Встречный ветер,39,4.9
586,"(39, 4.9)",0.01550632911392405,Без ветра,39,4.9
86,"(39, 5.0)",0.002551020408163265,Попутный ветер,39,5.0
291,"(39, 5.0)",0.00325,Встречный ветер,39,5.0
601,"(39, 5.0)",0.007594936708860759,Без ветра,39,5.0
81,"(39, 5.1)",0.003061224489795918,Попутный ветер,39,5.1
294,"(39, 5.1)",0.003,Встречный ветер,39,5.1
613,"(39, 5.1)",0.00569620253164557,Без ветра,39,5.1
189,"(39, 5.2)",0.0005102040816326531,Попутный ветер,39,5.2
349,"(39, 5.2)",0.001,Встречный ветер,39,5.2
646,"(39, 5.2)",0.002848101265822785,Без ветра,39,5.2
196,"(39, 5.3)",0.0005102040816326531,Попутный ветер,39,5.3
723,"(39, 5.3)",0.0006329113924050633,Без ветра,39,5.3
155,"(39, 5.4)",0.0005102040816326531,Попутный ветер,39,5.4
566,"(39, 5.4)",0.00025,Встречный ветер,39,5.4
555,"(39, 5.5)",0.00025,Встречный ветер,39,5.5
799,"(39, 5.6)",0.00031645569620253165,Без ветра,39,5.6
178,"(40, 3.1)",0.0005102040816326531,Попутный ветер,40,3.1
210,"(40, 3.7)",0.0005102040816326531,Попутный ветер,40,3.7
524,"(40, 3.7)",0.00025,Встречный ветер,40,3.7
527,"(40, 4.4)",0.00025,Встречный ветер,40,4.4
426,"(40, 4.5)",0.0005,Встречный ветер,40,4.5
777,"(40, 4.5)",0.00031645569620253165,Без ветра,40,4.5
300,"(40, 4.6)",0.00275,Встречный ветер,40,4.6
89,"(40, 4.7)",0.002551020408163265,Попутный ветер,40,4.7
311,"(40, 4.7)",0.00175,Встречный ветер,40,4.7
633,"(40, 4.7)",0.0037974683544303796,Без ветра,40,4.7
98,"(40, 4.8)",0.0020408163265306124,Попутный ветер,40,4.8
305,"(40, 4.8)",0.00225,Встречный ветер,40,4.8
611,"(40, 4.8)",0.006012658227848101,Без ветра,40,4.8
84,"(40, 4.9)",0.002551020408163265,Попутный ветер,40,4.9
328,"(40, 4.9)",0.0015,Встречный ветер,40,4.9
605,"(40, 4.9)",0.006962025316455696,Без ветра,40,4.9
141,"(40, 5.0)",0.0010204081632653062,Попутный ветер,40,5.0
392,"(40, 5.0)",0.00075,Встречный ветер,40,5.0
614,"(40, 5.0)",0.005379746835443038,Без ветра,40,5.0
73,"(40, 5.1)",0.0035714285714285713,Попутный ветер,40,5.1
288,"(40, 5.1)",0.0035,Встречный ветер,40,5.1
615,"(40, 5.1)",0.005379746835443038,Без ветра,40,5.1
85,"(40, 5.2)",0.002551020408163265,Попутный ветер,40,5.2
318,"(40, 5.2)",0.00175,Встречный ветер,40,5.2
616,"(40, 5.2)",0.005379746835443038,Без ветра,40,5.2
74,"(40, 5.3)",0.0035714285714285713,Попутный ветер,40,5.3
338,"(40, 5.3)",0.00125,Встречный ветер,40,5.3
644,"(40, 5.3)",0.002848101265822785,Без ветра,40,5.3
142,"(40, 5.4)",0.0010204081632653062,Попутный ветер,40,5.4
372,"(40, 5.4)",0.00075,Встречный ветер,40,5.4
449,"(40, 5.5)",0.00025,Встречный ветер,40,5.5
804,"(41, 4.4)",0.00031645569620253165,Без ветра,41,4.4
154,"(41, 4.5)",0.0005102040816326531,Попутный ветер,41,4.5
132,"(41, 4.6)",0.0010204081632653062,Попутный ветер,41,4.6
427,"(41, 4.6)",0.0005,Встречный ветер,41,4.6
676,"(41, 4.6)",0.0015822784810126582,Без ветра,41,4.6
336,"(41, 4.7)",0.00125,Встречный ветер,41,4.7
710,"(41, 4.7)",0.0009493670886075949,Без ветра,41,4.7
109,"(41, 4.8)",0.001530612244897959,Попутный ветер,41,4.8
308,"(41, 4.8)",0.002,Встречный ветер,41,4.8
606,"(41, 4.8)",0.006645569620253164,Без ветра,41,4.8
94,"(41, 4.9)",0.0020408163265306124,Попутный ветер,41,4.9
316,"(41, 4.9)",0.00175,Встречный ветер,41,4.9
629,"(41, 4.9)",0.004113924050632912,Без ветра,41,4.9
176,"(41, 5.0)",0.0005102040816326531,Попутный ветер,41,5.0
363,"(41, 5.0)",0.001,Встречный ветер,41,5.0
650,"(41, 5.0)",0.002531645569620253,Без ветра,41,5.0
87,"(41, 5.1)",0.002551020408163265,Попутный ветер,41,5.1
337,"(41, 5.1)",0.00125,Встречный ветер,41,5.1
623,"(41, 5.1)",0.004746835443037975,Без ветра,41,5.1
53,"(41, 5.2)",0.005612244897959183,Попутный ветер,41,5.2
289,"(41, 5.2)",0.0035,Встречный ветер,41,5.2
656,"(41, 5.2)",0.0022151898734177216,Без ветра,41,5.2
91,"(41, 5.3)",0.0020408163265306124,Попутный ветер,41,5.3
310,"(41, 5.3)",0.002,Встречный ветер,41,5.3
637,"(41, 5.3)",0.0037974683544303796,Без ветра,41,5.3
157,"(41, 5.4)",0.0005102040816326531,Попутный ветер,41,5.4
530,"(41, 5.4)",0.00025,Встречный ветер,41,5.4
666,"(41, 5.4)",0.0018987341772151898,Без ветра,41,5.4
124,"(41, 5.6)",0.0010204081632653062,Попутный ветер,41,5.6
175,"(42, 2.7)",0.0005102040816326531,Попутный ветер,42,2.7
505,"(42, 3.7)",0.00025,Встречный ветер,42,3.7
466,"(42, 4.4)",0.00025,Встречный ветер,42,4.4
469,"(42, 4.6)",0.00025,Встречный ветер,42,4.6
698,"(42, 4.6)",0.0009493670886075949,Без ветра,42,4.6
411,"(42, 4.7)",0.0005,Встречный ветер,42,4.7
740,"(42, 4.7)",0.0006329113924050633,Без ветра,42,4.7
181,"(42, 4.8)",0.0005102040816326531,Попутный ветер,42,4.8
352,"(42, 4.8)",0.001,Встречный ветер,42,4.8
607,"(42, 4.8)",0.006329113924050633,Без ветра,42,4.8
137,"(42, 4.9)",0.0010204081632653062,Попутный ветер,42,4.9
343,"(42, 4.9)",0.00125,Встречный ветер,42,4.9
630,"(42, 4.9)",0.004113924050632912,Без ветра,42,4.9
388,"(42, 5.0)",0.00075,Встречный ветер,42,5.0
675,"(42, 5.0)",0.0015822784810126582,Без ветра,42,5.0
130,"(42, 5.1)",0.0010204081632653062,Попутный ветер,42,5.1
383,"(42, 5.1)",0.00075,Встречный ветер,42,5.1
659,"(42, 5.1)",0.0022151898734177216,Без ветра,42,5.1
102,"(42, 5.2)",0.001530612244897959,Попутный ветер,42,5.2
326,"(42, 5.2)",0.0015,Встречный ветер,42,5.2
647,"(42, 5.2)",0.002848101265822785,Без ветра,42,5.2
93,"(42, 5.3)",0.0020408163265306124,Попутный ветер,42,5.3
313,"(42, 5.3)",0.00175,Встречный ветер,42,5.3
636,"(42, 5.3)",0.0037974683544303796,Без ветра,42,5.3
82,"(42, 5.4)",0.003061224489795918,Попутный ветер,42,5.4
380,"(42, 5.4)",0.00075,Встречный ветер,42,5.4
672,"(42, 5.4)",0.0015822784810126582,Без ветра,42,5.4
709,"(42, 5.5)",0.0009493670886075949,Без ветра,42,5.5
204,"(42, 5.6)",0.0005102040816326531,Попутный ветер,42,5.6
767,"(42, 5.6)",0.00031645569620253165,Без ветра,42,5.6
484,"(43, 4.7)",0.00025,Встречный ветер,43,4.7
161,"(43, 4.8)",0.0005102040816326531,Попутный ветер,43,4.8
416,"(43, 4.8)",0.0005,Встречный ветер,43,4.8
677,"(43, 4.8)",0.0015822784810126582,Без ветра,43,4.8
362,"(43, 4.9)",0.001,Встречный ветер,43,4.9
640,"(43, 4.9)",0.0031645569620253164,Без ветра,43,4.9
402,"(43, 5.0)",0.0005,Встречный ветер,43,5.0
649,"(43, 5.0)",0.002531645569620253,Без ветра,43,5.0
107,"(43, 5.1)",0.001530612244897959,Попутный ветер,43,5.1
356,"(43, 5.1)",0.001,Встречный ветер,43,5.1
732,"(43, 5.1)",0.0006329113924050633,Без ветра,43,5.1
173,"(43, 5.2)",0.0005102040816326531,Попутный ветер,43,5.2
517,"(43, 5.2)",0.00025,Встречный ветер,43,5.2
654,"(43, 5.2)",0.002531645569620253,Без ветра,43,5.2
54,"(43, 5.3)",0.005612244897959183,Попутный ветер,43,5.3
267,"(43, 5.3)",0.005,Встречный ветер,43,5.3
648,"(43, 5.3)",0.002531645569620253,Без ветра,43,5.3
99,"(43, 5.4)",0.0020408163265306124,Попутный ветер,43,5.4
395,"(43, 5.4)",0.00075,Встречный ветер,43,5.4
642,"(43, 5.4)",0.0031645569620253164,Без ветра,43,5.4
403,"(43, 5.5)",0.0005,Встречный ветер,43,5.5
726,"(43, 5.5)",0.0006329113924050633,Без ветра,43,5.5
485,"(43, 5.8)",0.00025,Встречный ветер,43,5.8
814,"(44, 4.7)",0.00031645569620253165,Без ветра,44,4.7
784,"(44, 4.8)",0.00031645569620253165,Без ветра,44,4.8
394,"(44, 4.9)",0.00075,Встречный ветер,44,4.9
660,"(44, 4.9)",0.0022151898734177216,Без ветра,44,4.9
423,"(44, 5.0)",0.0005,Встречный ветер,44,5.0
671,"(44, 5.0)",0.0015822784810126582,Без ветра,44,5.0
195,"(44, 5.1)",0.0005102040816326531,Попутный ветер,44,5.1
429,"(44, 5.1)",0.0005,Встречный ветер,44,5.1
742,"(44, 5.1)",0.0006329113924050633,Без ветра,44,5.1
760,"(44, 5.2)",0.00031645569620253165,Без ветра,44,5.2
104,"(44, 5.3)",0.001530612244897959,Попутный ветер,44,5.3
348,"(44, 5.3)",0.001,Встречный ветер,44,5.3
641,"(44, 5.3)",0.0031645569620253164,Без ветра,44,5.3
364,"(44, 5.4)",0.001,Встречный ветер,44,5.4
652,"(44, 5.4)",0.002531645569620253,Без ветра,44,5.4
123,"(44, 5.5)",0.0010204081632653062,Попутный ветер,44,5.5
415,"(44, 5.5)",0.0005,Встречный ветер,44,5.5
691,"(44, 5.5)",0.0012658227848101266,Без ветра,44,5.5
404,"(44, 5.6)",0.0005,Встречный ветер,44,5.6
780,"(44, 5.6)",0.00031645569620253165,Без ветра,44,5.6
208,"(45, 4.9)",0.0005102040816326531,Попутный ветер,45,4.9
713,"(45, 5.0)",0.0009493670886075949,Без ветра,45,5.0
419,"(45, 5.1)",0.0005,Встречный ветер,45,5.1
736,"(45, 5.1)",0.0006329113924050633,Без ветра,45,5.1
111,"(45, 5.3)",0.001530612244897959,Попутный ветер,45,5.3
334,"(45, 5.3)",0.00125,Встречный ветер,45,5.3
90,"(45, 5.4)",0.002551020408163265,Попутный ветер,45,5.4
359,"(45, 5.4)",0.001,Встречный ветер,45,5.4
679,"(45, 5.4)",0.0012658227848101266,Без ветра,45,5.4
134,"(45, 5.5)",0.0010204081632653062,Попутный ветер,45,5.5
386,"(45, 5.5)",0.00075,Встречный ветер,45,5.5
794,"(45, 5.5)",0.00031645569620253165,Без ветра,45,5.5
164,"(45, 5.6)",0.0005102040816326531,Попутный ветер,45,5.6
668,"(45, 5.6)",0.0015822784810126582,Без ветра,45,5.6
467,"(45, 5.7)",0.00025,Встречный ветер,45,5.7
766,"(45, 5.7)",0.00031645569620253165,Без ветра,45,5.7
500,"(46, 4.8)",0.00025,Встречный ветер,46,4.8
425,"(46, 4.9)",0.0005,Встречный ветер,46,4.9
444,"(46, 5.0)",0.0005,Встречный ветер,46,5.0
762,"(46, 5.0)",0.00031645569620253165,Без ветра,46,5.0
153,"(46, 5.1)",0.0005102040816326531,Попутный ветер,46,5.1
360,"(46, 5.1)",0.001,Встречный ветер,46,5.1
725,"(46, 5.1)",0.0006329113924050633,Без ветра,46,5.1
145,"(46, 5.2)",0.0005102040816326531,Попутный ветер,46,5.2
721,"(46, 5.2)",0.0006329113924050633,Без ветра,46,5.2
166,"(46, 5.3)",0.0005102040816326531,Попутный ветер,46,5.3
431,"(46, 5.3)",0.0005,Встречный ветер,46,5.3
673,"(46, 5.3)",0.0015822784810126582,Без ветра,46,5.3
146,"(46, 5.4)",0.0005102040816326531,Попутный ветер,46,5.4
421,"(46, 5.4)",0.0005,Встречный ветер,46,5.4
670,"(46, 5.4)",0.0015822784810126582,Без ветра,46,5.4
344,"(46, 5.5)",0.00125,Встречный ветер,46,5.5
692,"(46, 5.5)",0.0012658227848101266,Без ветра,46,5.5
168,"(46, 5.6)",0.0005102040816326531,Попутный ветер,46,5.6
391,"(46, 5.6)",0.00075,Встречный ветер,46,5.6
695,"(46, 5.6)",0.0012658227848101266,Без ветра,46,5.6
209,"(46, 5.7)",0.0005102040816326531,Попутный ветер,46,5.7
567,"(46, 5.7)",0.00025,Встречный ветер,46,5.7
806,"(46, 5.7)",0.00031645569620253165,Без ветра,46,5.7
797,"(47, 4.8)",0.00031645569620253165,Без ветра,47,4.8
188,"(47, 5.0)",0.0005102040816326531,Попутный ветер,47,5.0
718,"(47, 5.0)",0.0006329113924050633,Без ветра,47,5.0
170,"(47, 5.1)",0.0005102040816326531,Попутный ветер,47,5.1
757,"(47, 5.1)",0.00031645569620253165,Без ветра,47,5.1
172,"(47, 5.2)",0.0005102040816326531,Попутный ветер,47,5.2
470,"(47, 5.2)",0.00025,Встречный ветер,47,5.2
439,"(47, 5.3)",0.0005,Встречный ветер,47,5.3
399,"(47, 5.4)",0.0005,Встречный ветер,47,5.4
703,"(47, 5.4)",0.0009493670886075949,Без ветра,47,5.4
128,"(47, 5.5)",0.0010204081632653062,Попутный ветер,47,5.5
358,"(47, 5.5)",0.001,Встречный ветер,47,5.5
669,"(47, 5.5)",0.0015822784810126582,Без ветра,47,5.5
152,"(47, 5.6)",0.0005102040816326531,Попутный ветер,47,5.6
523,"(47, 5.6)",0.00025,Встречный ветер,47,5.6
662,"(47, 5.6)",0.0018987341772151898,Без ветра,47,5.6
501,"(47, 5.7)",0.00025,Встречный ветер,47,5.7
793,"(47, 5.7)",0.00031645569620253165,Без ветра,47,5.7
507,"(47, 5.8)",0.00025,Встречный ветер,47,5.8
526,"(48, 5.0)",0.00025,Встречный ветер,48,5.0
511,"(48, 5.2)",0.00025,Встречный ветер,48,5.2
772,"(48, 5.2)",0.00031645569620253165,Без ветра,48,5.2
113,"(48, 5.3)",0.001530612244897959,Попутный ветер,48,5.3
492,"(48, 5.3)",0.00025,Встречный ветер,48,5.3
206,"(48, 5.4)",0.0005102040816326531,Попутный ветер,48,5.4
440,"(48, 5.4)",0.0005,Встречный ветер,48,5.4
785,"(48, 5.4)",0.00031645569620253165,Без ветра,48,5.4
136,"(48, 5.5)",0.0010204081632653062,Попутный ветер,48,5.5
412,"(48, 5.5)",0.0005,Встречный ветер,48,5.5
758,"(48, 5.5)",0.00031645569620253165,Без ветра,48,5.5
151,"(48, 5.6)",0.0005102040816326531,Попутный ветер,48,5.6
351,"(48, 5.6)",0.001,Встречный ветер,48,5.6
741,"(48, 5.6)",0.0006329113924050633,Без ветра,48,5.6
203,"(48, 5.7)",0.0005102040816326531,Попутный ветер,48,5.7
686,"(48, 5.7)",0.0012658227848101266,Без ветра,48,5.7
438,"(48, 5.8)",0.0005,Встречный ветер,48,5.8
761,"(48, 5.8)",0.00031645569620253165,Без ветра,48,5.8
551,"(49, 5.1)",0.00025,Встречный ветер,49,5.1
750,"(49, 5.1)",0.00031645569620253165,Без ветра,49,5.1
544,"(49, 5.2)",0.00025,Встречный ветер,49,5.2
498,"(49, 5.3)",0.00025,Встречный ветер,49,5.3
792,"(49, 5.3)",0.00031645569620253165,Без ветра,49,5.3
165,"(49, 5.5)",0.0005102040816326531,Попутный ветер,49,5.5
478,"(49, 5.5)",0.00025,Встречный ветер,49,5.5
724,"(49, 5.6)",0.0006329113924050633,Без ветра,49,5.6
413,"(49, 5.7)",0.0005,Встречный ветер,49,5.7
707,"(49, 5.7)",0.0009493670886075949,Без ветра,49,5.7
796,"(50, 5.1)",0.00031645569620253165,Без ветра,50,5.1
728,"(50, 5.2)",0.0006329113924050633,Без ветра,50,5.2
489,"(50, 5.3)",0.00025,Встречный ветер,50,5.3
775,"(50, 5.3)",0.00031645569620253165,Без ветра,50,5.3
150,"(50, 5.4)",0.0005102040816326531,Попутный ветер,50,5.4
464,"(50, 5.4)",0.00025,Встречный ветер,50,5.4
803,"(50, 5.4)",0.00031645569620253165,Без ветра,50,5.4
545,"(50, 5.5)",0.00025,Встречный ветер,50,5.5
765,"(50, 5.5)",0.00031645569620253165,Без ветра,50,5.5
187,"(50, 5.6)",0.0005102040816326531,Попутный ветер,50,5.6
407,"(50, 5.6)",0.0005,Встречный ветер,50,5.6
697,"(50, 5.6)",0.0009493670886075949,Без ветра,50,5.6
503,"(50, 5.7)",0.00025,Встречный ветер,50,5.7
817,"(51, 5.3)",0.00031645569620253165,Без ветра,51,5.3
549,"(51, 5.5)",0.00025,Встречный ветер,51,5.5
183,"(51, 5.6)",0.0005102040816326531,Попутный ветер,51,5.6
456,"(51, 5.6)",0.00025,Встречный ветер,51,5.6
786,"(51, 5.6)",0.00031645569620253165,Без ветра,51,5.6
506,"(51, 5.7)",0.00025,Встречный ветер,51,5.7
702,"(51, 5.7)",0.0009493670886075949,Без ветра,51,5.7
749,"(51, 5.8)",0.00031645569620253165,Без ветра,51,5.8
754,"(52, 5.2)",0.00031645569620253165,Без ветра,52,5.2
536,"(52, 5.3)",0.00025,Встречный ветер,52,5.3
158,"(52, 5.4)",0.0005102040816326531,Попутный ветер,52,5.4
811,"(52, 5.4)",0.00031645569620253165,Без ветра,52,5.4
477,"(52, 5.5)",0.00025,Встречный ветер,52,5.5
759,"(52, 5.5)",0.00031645569620253165,Без ветра,52,5.5
815,"(52, 5.7)",0.00031645569620253165,Без ветра,52,5.7
519,"(53, 5.5)",0.00025,Встречный ветер,53,5.5
552,"(54, 5.6)",0.00025,Встречный ветер,54,5.6
789,"(54, 5.6)",0.00031645569620253165,Без ветра,54,5.6
447,"(55, 5.4)",0.00025,Встречный ветер,55,5.4
450,"(79, 4.3)",0.00025,Встречный ветер,79,4.3
448,"(98, 5.3)",0.00025,Встречный ветер,98,5.3
809,"(101, 5.4)",0.00031645569620253165,Без ветра,101,5.4
816,"(102, 5.5)",0.00031645569620253165,Без ветра,102,5.5
773,"(102, 5.6)",0.00031645569620253165,Без ветра,102,5.6
810,"(104, 5.6)",0.00031645569620253165,Без ветра,104,5.6
