,avg_pace,meters,name,pace,position,spm,time
0.0,254.0,4.0,ВШЭ СПБ - 1,157.0,10.0,0.0,202.0
1.0,179.0,9.0,ВШЭ СПБ - 1,102.0,10.0,74.0,302.0
2.0,148.0,14.0,ВШЭ СПБ - 1,91.0,10.0,74.0,401.0
3.0,120.0,20.0,ВШЭ СПБ - 1,86.0,10.0,72.0,502.0
4.0,112.0,26.0,ВШЭ СПБ - 1,84.0,10.0,70.0,602.0
5.0,107.0,32.0,ВШЭ СПБ - 1,83.0,10.0,66.0,701.0
6.0,104.0,39.0,ВШЭ СПБ - 1,83.0,10.0,68.0,801.0
7.0,99.0,46.0,ВШЭ СПБ - 1,84.0,10.0,65.0,1003.0
8.0,98.0,53.0,ВШЭ СПБ - 1,84.0,10.0,65.0,1052.0
9.0,96.0,59.0,ВШЭ СПБ - 1,84.0,10.0,64.0,1151.0
10.0,95.0,66.0,ВШЭ СПБ - 1,83.0,10.0,66.0,1251.0
11.0,94.0,72.0,ВШЭ СПБ - 1,84.0,10.0,65.0,1352.0
12.0,94.0,78.0,ВШЭ СПБ - 1,84.0,10.0,64.0,1452.0
13.0,93.0,84.0,ВШЭ СПБ - 1,84.0,10.0,63.0,1552.0
14.0,91.0,113.0,ВШЭ СПБ - 1,87.0,10.0,62.0,2102.0
15.0,91.0,119.0,ВШЭ СПБ - 1,87.0,10.0,64.0,2201.0
16.0,91.0,124.0,ВШЭ СПБ - 1,88.0,10.0,60.0,2302.0
17.0,91.0,133.0,ВШЭ СПБ - 1,93.0,10.0,59.0,2451.0
18.0,91.0,138.0,ВШЭ СПБ - 1,93.0,10.0,59.0,2501.0
19.0,91.0,144.0,ВШЭ СПБ - 1,90.0,10.0,62.0,2601.0
20.0,91.0,149.0,ВШЭ СПБ - 1,90.0,10.0,63.0,2702.0
21.0,91.0,155.0,ВШЭ СПБ - 1,90.0,10.0,61.0,2802.0
22.0,91.0,160.0,ВШЭ СПБ - 1,90.0,10.0,61.0,2902.0
23.0,91.0,166.0,ВШЭ СПБ - 1,92.0,10.0,62.0,3051.0
24.0,91.0,171.0,ВШЭ СПБ - 1,92.0,10.0,62.0,3101.0
25.0,91.0,177.0,ВШЭ СПБ - 1,93.0,10.0,59.0,3202.0
26.0,91.0,182.0,ВШЭ СПБ - 1,92.0,10.0,57.0,3302.0
27.0,91.0,188.0,ВШЭ СПБ - 1,91.0,10.0,57.0,3401.0
28.0,91.0,193.0,ВШЭ СПБ - 1,91.0,10.0,58.0,3502.0
29.0,91.0,199.0,ВШЭ СПБ - 1,91.0,9.0,58.0,3602.0
30.0,91.0,204.0,ВШЭ СПБ - 1,91.0,9.0,58.0,3701.0
31.0,91.0,210.0,ВШЭ СПБ - 1,92.0,9.0,58.0,3801.0
32.0,91.0,215.0,ВШЭ СПБ - 1,92.0,9.0,56.0,3901.0
33.0,91.0,221.0,ВШЭ СПБ - 1,93.0,9.0,57.0,4001.0
34.0,91.0,226.0,ВШЭ СПБ - 1,93.0,9.0,57.0,4101.0
35.0,91.0,231.0,ВШЭ СПБ - 1,94.0,9.0,58.0,4202.0
36.0,91.0,236.0,ВШЭ СПБ - 1,94.0,9.0,58.0,4299.0
37.0,92.0,242.0,ВШЭ СПБ - 1,94.0,10.0,58.0,4450.0
38.0,92.0,246.0,ВШЭ СПБ - 1,115.0,10.0,19.0,4551.0
39.0,92.0,252.0,ВШЭ СПБ - 1,102.0,9.0,54.0,4651.0
40.0,92.0,258.0,ВШЭ СПБ - 1,85.0,9.0,57.0,4751.0
41.0,92.0,265.0,ВШЭ СПБ - 1,79.0,9.0,56.0,4851.0
42.0,91.0,271.0,ВШЭ СПБ - 1,77.0,9.0,56.0,4951.0
43.0,91.0,278.0,ВШЭ СПБ - 1,77.0,9.0,58.0,5052.0
44.0,91.0,284.0,ВШЭ СПБ - 1,78.0,9.0,57.0,5151.0
45.0,90.0,291.0,ВШЭ СПБ - 1,78.0,8.0,58.0,5252.0
46.0,90.0,297.0,ВШЭ СПБ - 1,78.0,8.0,57.0,5352.0
47.0,90.0,304.0,ВШЭ СПБ - 1,79.0,8.0,56.0,5451.0
48.0,90.0,310.0,ВШЭ СПБ - 1,80.0,8.0,56.0,5552.0
49.0,89.0,316.0,ВШЭ СПБ - 1,80.0,8.0,58.0,5652.0
50.0,89.0,322.0,ВШЭ СПБ - 1,80.0,8.0,58.0,5751.0
51.0,89.0,329.0,ВШЭ СПБ - 1,81.0,8.0,53.0,5852.0
52.0,89.0,335.0,ВШЭ СПБ - 1,81.0,8.0,57.0,5951.0
53.0,89.0,341.0,ВШЭ СПБ - 1,81.0,8.0,55.0,6052.0
54.0,89.0,347.0,ВШЭ СПБ - 1,80.0,8.0,56.0,6151.0
55.0,89.0,353.0,ВШЭ СПБ - 1,81.0,8.0,55.0,6251.0
56.0,88.0,360.0,ВШЭ СПБ - 1,80.0,8.0,58.0,6351.0
57.0,88.0,366.0,ВШЭ СПБ - 1,80.0,8.0,58.0,6451.0
58.0,88.0,372.0,ВШЭ СПБ - 1,80.0,8.0,56.0,6551.0
59.0,88.0,379.0,ВШЭ СПБ - 1,80.0,8.0,55.0,6651.0
60.0,88.0,385.0,ВШЭ СПБ - 1,80.0,8.0,57.0,6751.0
61.0,88.0,391.0,ВШЭ СПБ - 1,80.0,8.0,57.0,6851.0
62.0,88.0,397.0,ВШЭ СПБ - 1,80.0,8.0,58.0,6951.0
63.0,87.0,404.0,ВШЭ СПБ - 1,80.0,8.0,57.0,7051.0
64.0,87.0,410.0,ВШЭ СПБ - 1,81.0,8.0,57.0,7151.0
65.0,87.0,416.0,ВШЭ СПБ - 1,81.0,8.0,56.0,7251.0
66.0,87.0,422.0,ВШЭ СПБ - 1,81.0,8.0,58.0,7351.0
67.0,87.0,428.0,ВШЭ СПБ - 1,81.0,8.0,57.0,7451.0
68.0,87.0,434.0,ВШЭ СПБ - 1,81.0,8.0,57.0,7551.0
69.0,87.0,440.0,ВШЭ СПБ - 1,82.0,8.0,56.0,7651.0
70.0,87.0,446.0,ВШЭ СПБ - 1,83.0,8.0,57.0,7751.0
71.0,87.0,453.0,ВШЭ СПБ - 1,83.0,8.0,57.0,7851.0
72.0,87.0,458.0,ВШЭ СПБ - 1,84.0,8.0,58.0,7951.0
73.0,87.0,463.0,ВШЭ СПБ - 1,84.0,8.0,58.0,8051.0
74.0,87.0,468.0,ВШЭ СПБ - 1,96.0,8.0,28.0,8150.0
75.0,87.0,474.0,ВШЭ СПБ - 1,93.0,8.0,59.0,8251.0
76.0,87.0,480.0,ВШЭ СПБ - 1,89.0,8.0,57.0,8352.0
77.0,87.0,486.0,ВШЭ СПБ - 1,87.0,8.0,58.0,8450.0
78.0,87.0,490.0,ВШЭ СПБ - 1,87.0,8.0,58.0,8550.0
79.0,87.0,494.0,ВШЭ СПБ - 1,87.0,8.0,58.0,8650.0
80.0,88.0,499.0,ВШЭ СПБ - 1,107.0,8.0,18.0,8750.0
81.0,88.0,505.0,ВШЭ СПБ - 1,95.0,8.0,50.0,8851.0
82.0,88.0,511.0,ВШЭ СПБ - 1,82.0,8.0,54.0,9001.0
83.0,87.0,527.0,ВШЭ СПБ - 1,78.0,7.0,52.0,9201.0
84.0,87.0,540.0,ВШЭ СПБ - 1,77.0,6.0,54.0,9401.0
85.0,87.0,553.0,ВШЭ СПБ - 1,78.0,4.0,53.0,9601.0
86.0,87.0,566.0,ВШЭ СПБ - 1,79.0,3.0,57.0,9800.0
87.0,87.0,569.0,ВШЭ СПБ - 1,78.0,3.0,53.0,9851.0
88.0,86.0,582.0,ВШЭ СПБ - 1,79.0,3.0,53.0,10051.0
89.0,86.0,588.0,ВШЭ СПБ - 1,79.0,3.0,51.0,10151.0
90.0,86.0,601.0,ВШЭ СПБ - 1,79.0,3.0,53.0,10351.0
91.0,86.0,607.0,ВШЭ СПБ - 1,79.0,3.0,53.0,10451.0
92.0,86.0,620.0,ВШЭ СПБ - 1,79.0,3.0,54.0,10651.0
93.0,86.0,623.0,ВШЭ СПБ - 1,79.0,3.0,54.0,10700.0
94.0,86.0,639.0,ВШЭ СПБ - 1,80.0,3.0,55.0,10950.0
95.0,86.0,651.0,ВШЭ СПБ - 1,80.0,3.0,53.0,11150.0
96.0,86.0,654.0,ВШЭ СПБ - 1,80.0,3.0,54.0,11201.0
97.0,86.0,670.0,ВШЭ СПБ - 1,80.0,3.0,54.0,11451.0
98.0,86.0,673.0,ВШЭ СПБ - 1,80.0,3.0,54.0,11501.0
99.0,85.0,689.0,ВШЭ СПБ - 1,81.0,3.0,55.0,11751.0
100.0,85.0,704.0,ВШЭ СПБ - 1,81.0,3.0,54.0,12000.0
101.0,85.0,707.0,ВШЭ СПБ - 1,81.0,3.0,54.0,12050.0
102.0,85.0,713.0,ВШЭ СПБ - 1,82.0,3.0,53.0,12150.0
103.0,85.0,720.0,ВШЭ СПБ - 1,82.0,3.0,52.0,12251.0
104.0,85.0,726.0,ВШЭ СПБ - 1,83.0,8.0,53.0,12351.0
105.0,85.0,732.0,ВШЭ СПБ - 1,83.0,8.0,52.0,12451.0
106.0,85.0,737.0,ВШЭ СПБ - 1,83.0,7.0,52.0,12550.0
107.0,85.0,742.0,ВШЭ СПБ - 1,83.0,8.0,52.0,12650.0
108.0,86.0,746.0,ВШЭ СПБ - 1,105.0,8.0,20.0,12749.0
109.0,86.0,750.0,ВШЭ СПБ - 1,116.0,8.0,64.0,12850.0
110.0,86.0,756.0,ВШЭ СПБ - 1,95.0,8.0,64.0,12951.0
111.0,86.0,762.0,ВШЭ СПБ - 1,86.0,8.0,66.0,13050.0
112.0,86.0,768.0,ВШЭ СПБ - 1,81.0,8.0,67.0,13151.0
113.0,86.0,774.0,ВШЭ СПБ - 1,79.0,8.0,68.0,13251.0
114.0,86.0,781.0,ВШЭ СПБ - 1,78.0,8.0,68.0,13351.0
115.0,85.0,787.0,ВШЭ СПБ - 1,78.0,8.0,67.0,13451.0
116.0,85.0,794.0,ВШЭ СПБ - 1,78.0,8.0,68.0,13551.0
117.0,85.0,800.0,ВШЭ СПБ - 1,78.0,8.0,69.0,13651.0
118.0,85.0,807.0,ВШЭ СПБ - 1,79.0,8.0,66.0,13750.0
119.0,85.0,813.0,ВШЭ СПБ - 1,80.0,8.0,67.0,13850.0
120.0,85.0,819.0,ВШЭ СПБ - 1,80.0,8.0,67.0,13950.0
121.0,85.0,825.0,ВШЭ СПБ - 1,80.0,8.0,66.0,14051.0
122.0,85.0,832.0,ВШЭ СПБ - 1,81.0,8.0,65.0,14150.0
123.0,85.0,838.0,ВШЭ СПБ - 1,81.0,8.0,67.0,14251.0
124.0,85.0,844.0,ВШЭ СПБ - 1,81.0,8.0,67.0,14351.0
125.0,85.0,850.0,ВШЭ СПБ - 1,81.0,8.0,68.0,14451.0
126.0,85.0,856.0,ВШЭ СПБ - 1,81.0,8.0,67.0,14550.0
127.0,85.0,863.0,ВШЭ СПБ - 1,81.0,8.0,67.0,14650.0
128.0,85.0,869.0,ВШЭ СПБ - 1,83.0,8.0,66.0,14800.0
129.0,85.0,875.0,ВШЭ СПБ - 1,83.0,8.0,66.0,14850.0
130.0,85.0,881.0,ВШЭ СПБ - 1,83.0,8.0,65.0,14950.0
131.0,85.0,887.0,ВШЭ СПБ - 1,83.0,8.0,66.0,15050.0
132.0,85.0,893.0,ВШЭ СПБ - 1,83.0,8.0,66.0,15151.0
133.0,85.0,899.0,ВШЭ СПБ - 1,84.0,8.0,66.0,15250.0
134.0,85.0,905.0,ВШЭ СПБ - 1,84.0,8.0,67.0,15350.0
135.0,85.0,911.0,ВШЭ СПБ - 1,84.0,8.0,67.0,15450.0
136.0,85.0,917.0,ВШЭ СПБ - 1,84.0,8.0,66.0,15550.0
137.0,85.0,923.0,ВШЭ СПБ - 1,85.0,8.0,68.0,15650.0
138.0,85.0,929.0,ВШЭ СПБ - 1,86.0,8.0,66.0,15751.0
139.0,85.0,934.0,ВШЭ СПБ - 1,86.0,8.0,65.0,15850.0
140.0,85.0,940.0,ВШЭ СПБ - 1,86.0,8.0,67.0,15950.0
141.0,85.0,946.0,ВШЭ СПБ - 1,86.0,8.0,67.0,16051.0
142.0,85.0,952.0,ВШЭ СПБ - 1,86.0,8.0,67.0,16151.0
143.0,85.0,958.0,ВШЭ СПБ - 1,86.0,8.0,67.0,16250.0
144.0,85.0,964.0,ВШЭ СПБ - 1,87.0,8.0,65.0,16349.0
145.0,85.0,969.0,ВШЭ СПБ - 1,87.0,8.0,64.0,16450.0
146.0,85.0,975.0,ВШЭ СПБ - 1,87.0,8.0,64.0,16550.0
147.0,85.0,981.0,ВШЭ СПБ - 1,87.0,8.0,65.0,16650.0
148.0,85.0,987.0,ВШЭ СПБ - 1,87.0,8.0,65.0,16750.0
149.0,85.0,992.0,ВШЭ СПБ - 1,87.0,8.0,66.0,16850.0
150.0,85.0,1000.0,ВШЭ СПБ - 1,87.0,8.0,66.0,16983.0
0.0,439.0,2.0,РТК-1,147.0,5.0,0.0,151.0
1.0,162.0,6.0,РТК-1,97.0,4.0,81.0,252.0
2.0,132.0,11.0,РТК-1,97.0,5.0,81.0,354.0
3.0,132.0,17.0,РТК-1,91.0,8.0,58.0,453.0
4.0,116.0,23.0,РТК-1,85.0,8.0,50.0,552.0
5.0,107.0,29.0,РТК-1,80.0,7.0,55.0,653.0
6.0,101.0,36.0,РТК-1,79.0,7.0,53.0,753.0
7.0,97.0,42.0,РТК-1,78.0,7.0,55.0,853.0
8.0,92.0,49.0,РТК-1,78.0,7.0,52.0,1003.0
9.0,92.0,58.0,РТК-1,79.0,7.0,52.0,1102.0
10.0,90.0,64.0,РТК-1,80.0,8.0,53.0,1203.0
11.0,89.0,70.0,РТК-1,81.0,8.0,49.0,1303.0
12.0,89.0,77.0,РТК-1,81.0,8.0,54.0,1403.0
13.0,88.0,83.0,РТК-1,81.0,8.0,51.0,1503.0
14.0,87.0,89.0,РТК-1,81.0,8.0,51.0,1603.0
15.0,86.0,120.0,РТК-1,82.0,7.0,53.0,2103.0
16.0,86.0,126.0,РТК-1,81.0,7.0,53.0,2203.0
17.0,85.0,132.0,РТК-1,81.0,7.0,53.0,2302.0
18.0,85.0,141.0,РТК-1,82.0,6.0,52.0,2453.0
19.0,85.0,147.0,РТК-1,83.0,6.0,50.0,2553.0
20.0,85.0,153.0,РТК-1,83.0,6.0,50.0,2653.0
21.0,85.0,159.0,РТК-1,83.0,6.0,49.0,2753.0
22.0,85.0,165.0,РТК-1,83.0,6.0,51.0,2852.0
23.0,85.0,171.0,РТК-1,83.0,6.0,51.0,2952.0
24.0,85.0,177.0,РТК-1,84.0,6.0,51.0,3052.0
25.0,85.0,183.0,РТК-1,84.0,6.0,51.0,3153.0
26.0,85.0,189.0,РТК-1,84.0,6.0,51.0,3253.0
27.0,85.0,195.0,РТК-1,84.0,6.0,50.0,3353.0
28.0,85.0,201.0,РТК-1,83.0,6.0,53.0,3452.0
29.0,84.0,207.0,РТК-1,84.0,6.0,53.0,3552.0
30.0,84.0,213.0,РТК-1,85.0,6.0,51.0,3653.0
31.0,84.0,219.0,РТК-1,85.0,5.0,50.0,3752.0
32.0,84.0,225.0,РТК-1,85.0,5.0,52.0,3852.0
33.0,84.0,231.0,РТК-1,85.0,5.0,52.0,3952.0
34.0,84.0,237.0,РТК-1,86.0,6.0,50.0,4052.0
35.0,84.0,242.0,РТК-1,86.0,6.0,50.0,4152.0
36.0,84.0,246.0,РТК-1,86.0,7.0,50.0,4251.0
37.0,84.0,250.0,РТК-1,86.0,7.0,50.0,4351.0
38.0,86.0,258.0,РТК-1,95.0,7.0,56.0,4502.0
39.0,86.0,264.0,РТК-1,84.0,6.0,61.0,4603.0
40.0,86.0,270.0,РТК-1,80.0,6.0,62.0,4702.0
41.0,86.0,276.0,РТК-1,80.0,6.0,62.0,4752.0
42.0,86.0,283.0,РТК-1,78.0,6.0,62.0,4903.0
43.0,86.0,289.0,РТК-1,78.0,6.0,62.0,5003.0
44.0,86.0,296.0,РТК-1,78.0,6.0,61.0,5103.0
45.0,85.0,302.0,РТК-1,78.0,6.0,60.0,5202.0
46.0,85.0,309.0,РТК-1,77.0,6.0,61.0,5303.0
47.0,85.0,315.0,РТК-1,77.0,6.0,63.0,5403.0
48.0,85.0,322.0,РТК-1,77.0,6.0,62.0,5502.0
49.0,85.0,328.0,РТК-1,79.0,6.0,60.0,5602.0
50.0,85.0,334.0,РТК-1,80.0,6.0,62.0,5702.0
51.0,85.0,341.0,РТК-1,81.0,6.0,62.0,5802.0
52.0,84.0,347.0,РТК-1,79.0,6.0,65.0,5903.0
53.0,84.0,353.0,РТК-1,79.0,6.0,63.0,6003.0
54.0,84.0,359.0,РТК-1,79.0,6.0,61.0,6102.0
55.0,84.0,366.0,РТК-1,80.0,6.0,62.0,6202.0
56.0,84.0,372.0,РТК-1,80.0,6.0,60.0,6302.0
57.0,84.0,378.0,РТК-1,80.0,6.0,61.0,6402.0
58.0,84.0,385.0,РТК-1,81.0,6.0,61.0,6502.0
59.0,84.0,391.0,РТК-1,81.0,6.0,60.0,6602.0
60.0,84.0,397.0,РТК-1,81.0,6.0,61.0,6702.0
61.0,84.0,403.0,РТК-1,82.0,6.0,62.0,6802.0
62.0,84.0,409.0,РТК-1,83.0,6.0,60.0,6902.0
63.0,84.0,415.0,РТК-1,83.0,6.0,60.0,7002.0
64.0,84.0,421.0,РТК-1,82.0,6.0,61.0,7102.0
65.0,84.0,428.0,РТК-1,82.0,6.0,60.0,7202.0
66.0,84.0,434.0,РТК-1,82.0,6.0,61.0,7302.0
67.0,84.0,440.0,РТК-1,84.0,6.0,61.0,7403.0
68.0,84.0,446.0,РТК-1,84.0,6.0,61.0,7503.0
69.0,84.0,451.0,РТК-1,85.0,6.0,60.0,7602.0
70.0,84.0,457.0,РТК-1,86.0,6.0,59.0,7702.0
71.0,84.0,463.0,РТК-1,85.0,6.0,61.0,7802.0
72.0,84.0,469.0,РТК-1,86.0,6.0,61.0,7902.0
73.0,84.0,475.0,РТК-1,87.0,6.0,60.0,8002.0
74.0,84.0,480.0,РТК-1,88.0,6.0,62.0,8102.0
75.0,84.0,486.0,РТК-1,89.0,6.0,58.0,8202.0
76.0,84.0,491.0,РТК-1,91.0,6.0,55.0,8301.0
77.0,84.0,496.0,РТК-1,91.0,6.0,55.0,8401.0
78.0,84.0,500.0,РТК-1,91.0,6.0,55.0,8500.0
79.0,85.0,504.0,РТК-1,114.0,6.0,19.0,8601.0
80.0,85.0,509.0,РТК-1,112.0,6.0,81.0,8701.0
81.0,85.0,514.0,РТК-1,100.0,6.0,69.0,8802.0
82.0,85.0,520.0,РТК-1,93.0,6.0,62.0,8901.0
83.0,85.0,526.0,РТК-1,82.0,6.0,54.0,9101.0
84.0,85.0,542.0,РТК-1,79.0,3.0,51.0,9252.0
85.0,85.0,555.0,РТК-1,79.0,3.0,48.0,9452.0
86.0,85.0,567.0,РТК-1,78.0,2.0,49.0,9653.0
87.0,85.0,580.0,РТК-1,79.0,2.0,47.0,9852.0
88.0,85.0,583.0,РТК-1,79.0,2.0,47.0,9852.0
89.0,84.0,596.0,РТК-1,80.0,2.0,46.0,10152.0
90.0,84.0,602.0,РТК-1,80.0,2.0,46.0,10152.0
91.0,84.0,614.0,РТК-1,80.0,2.0,46.0,10402.0
92.0,84.0,621.0,РТК-1,81.0,2.0,45.0,10452.0
93.0,84.0,633.0,РТК-1,82.0,2.0,44.0,10701.0
94.0,84.0,636.0,РТК-1,82.0,2.0,44.0,10751.0
95.0,84.0,651.0,РТК-1,83.0,2.0,44.0,11002.0
96.0,84.0,663.0,РТК-1,83.0,2.0,44.0,11202.0
97.0,84.0,666.0,РТК-1,84.0,2.0,44.0,11252.0
98.0,84.0,681.0,РТК-1,84.0,2.0,42.0,11501.0
99.0,84.0,684.0,РТК-1,84.0,2.0,42.0,11501.0
100.0,84.0,699.0,РТК-1,85.0,2.0,42.0,11851.0
101.0,84.0,714.0,РТК-1,85.0,2.0,47.0,12052.0
102.0,84.0,717.0,РТК-1,85.0,2.0,47.0,12052.0
103.0,84.0,723.0,РТК-1,85.0,2.0,46.0,12202.0
104.0,84.0,729.0,РТК-1,84.0,2.0,46.0,12252.0
105.0,84.0,735.0,РТК-1,84.0,5.0,45.0,12402.0
106.0,84.0,740.0,РТК-1,84.0,5.0,45.0,12500.0
107.0,84.0,744.0,РТК-1,84.0,5.0,45.0,12601.0
108.0,85.0,748.0,РТК-1,104.0,5.0,17.0,12700.0
109.0,85.0,753.0,РТК-1,110.0,5.0,64.0,12800.0
110.0,85.0,759.0,РТК-1,92.0,5.0,77.0,12901.0
111.0,85.0,765.0,РТК-1,83.0,5.0,67.0,13002.0
112.0,85.0,771.0,РТК-1,80.0,5.0,64.0,13102.0
113.0,85.0,778.0,РТК-1,78.0,5.0,63.0,13201.0
114.0,85.0,784.0,РТК-1,78.0,5.0,58.0,13301.0
115.0,85.0,791.0,РТК-1,78.0,5.0,58.0,13401.0
116.0,84.0,797.0,РТК-1,78.0,5.0,57.0,13501.0
117.0,84.0,804.0,РТК-1,78.0,5.0,58.0,13601.0
118.0,84.0,810.0,РТК-1,79.0,5.0,58.0,13701.0
119.0,84.0,817.0,РТК-1,78.0,5.0,58.0,13801.0
120.0,84.0,823.0,РТК-1,78.0,5.0,61.0,13901.0
121.0,84.0,829.0,РТК-1,78.0,5.0,61.0,14001.0
122.0,84.0,836.0,РТК-1,78.0,5.0,59.0,14101.0
123.0,84.0,842.0,РТК-1,78.0,5.0,57.0,14201.0
124.0,84.0,849.0,РТК-1,78.0,5.0,61.0,14301.0
125.0,84.0,855.0,РТК-1,79.0,5.0,59.0,14401.0
126.0,84.0,861.0,РТК-1,79.0,5.0,57.0,14501.0
127.0,84.0,868.0,РТК-1,79.0,5.0,58.0,14601.0
128.0,84.0,874.0,РТК-1,80.0,5.0,59.0,14701.0
129.0,84.0,880.0,РТК-1,80.0,5.0,58.0,14801.0
130.0,84.0,887.0,РТК-1,80.0,5.0,58.0,14902.0
131.0,84.0,893.0,РТК-1,80.0,5.0,60.0,15001.0
132.0,84.0,899.0,РТК-1,80.0,6.0,60.0,15101.0
133.0,84.0,906.0,РТК-1,80.0,6.0,59.0,15201.0
134.0,84.0,912.0,РТК-1,80.0,6.0,60.0,15301.0
135.0,84.0,918.0,РТК-1,81.0,6.0,60.0,15401.0
136.0,84.0,924.0,РТК-1,81.0,6.0,61.0,15502.0
137.0,84.0,931.0,РТК-1,81.0,6.0,61.0,15601.0
138.0,84.0,937.0,РТК-1,81.0,6.0,60.0,15702.0
139.0,84.0,943.0,РТК-1,81.0,6.0,62.0,15801.0
140.0,84.0,949.0,РТК-1,82.0,6.0,61.0,15901.0
141.0,84.0,955.0,РТК-1,82.0,6.0,62.0,16001.0
142.0,84.0,961.0,РТК-1,82.0,6.0,62.0,16101.0
143.0,84.0,967.0,РТК-1,83.0,6.0,61.0,16201.0
144.0,84.0,973.0,РТК-1,83.0,6.0,61.0,16301.0
145.0,84.0,979.0,РТК-1,84.0,6.0,61.0,16401.0
146.0,84.0,985.0,РТК-1,84.0,6.0,61.0,16500.0
147.0,84.0,991.0,РТК-1,84.0,6.0,59.0,16600.0
148.0,0.0,1000.0,РТК-1,0.0,6.0,0.0,16698.0
0.0,257.0,2.0,Военмех - 2,114.0,3.0,0.0,150.0
1.0,151.0,7.0,Военмех - 2,90.0,3.0,69.0,250.0
2.0,122.0,13.0,Военмех - 2,84.0,3.0,62.0,351.0
3.0,109.0,19.0,Военмех - 2,80.0,3.0,61.0,451.0
4.0,101.0,25.0,Военмех - 2,78.0,4.0,59.0,550.0
5.0,96.0,32.0,Военмех - 2,78.0,4.0,57.0,650.0
6.0,93.0,38.0,Военмех - 2,78.0,3.0,56.0,751.0
7.0,91.0,44.0,Военмех - 2,78.0,4.0,56.0,851.0
8.0,89.0,51.0,Военмех - 2,79.0,3.0,53.0,1001.0
9.0,88.0,60.0,Военмех - 2,79.0,4.0,53.0,1051.0
10.0,88.0,66.0,Военмех - 2,80.0,4.0,51.0,1151.0
11.0,87.0,72.0,Военмех - 2,80.0,4.0,51.0,1251.0
12.0,86.0,79.0,Военмех - 2,81.0,4.0,50.0,1351.0
13.0,86.0,85.0,Военмех - 2,80.0,4.0,51.0,1451.0
14.0,85.0,91.0,Военмех - 2,81.0,4.0,50.0,1600.0
15.0,84.0,122.0,Военмех - 2,80.0,4.0,48.0,2101.0
16.0,84.0,128.0,Военмех - 2,81.0,4.0,48.0,2201.0
17.0,84.0,135.0,Военмех - 2,81.0,4.0,48.0,2301.0
18.0,83.0,144.0,Военмех - 2,81.0,4.0,47.0,2451.0
19.0,83.0,150.0,Военмех - 2,81.0,4.0,47.0,2551.0
20.0,83.0,156.0,Военмех - 2,81.0,4.0,46.0,2650.0
21.0,83.0,163.0,Военмех - 2,81.0,4.0,50.0,2750.0
22.0,83.0,169.0,Военмех - 2,82.0,4.0,49.0,2851.0
23.0,83.0,175.0,Военмех - 2,82.0,4.0,48.0,2951.0
24.0,83.0,181.0,Военмех - 2,82.0,4.0,48.0,3051.0
25.0,83.0,187.0,Военмех - 2,82.0,4.0,49.0,3151.0
26.0,83.0,193.0,Военмех - 2,83.0,4.0,47.0,3251.0
27.0,83.0,199.0,Военмех - 2,83.0,4.0,49.0,3350.0
28.0,83.0,205.0,Военмех - 2,83.0,4.0,48.0,3450.0
29.0,83.0,211.0,Военмех - 2,83.0,4.0,48.0,3550.0
30.0,83.0,217.0,Военмех - 2,83.0,4.0,48.0,3650.0
31.0,83.0,223.0,Военмех - 2,83.0,4.0,49.0,3750.0
32.0,83.0,229.0,Военмех - 2,84.0,3.0,47.0,3850.0
33.0,83.0,236.0,Военмех - 2,82.0,3.0,48.0,3950.0
34.0,83.0,241.0,Военмех - 2,82.0,3.0,48.0,4050.0
35.0,83.0,247.0,Военмех - 2,83.0,3.0,46.0,4151.0
36.0,83.0,252.0,Военмех - 2,83.0,3.0,46.0,4249.0
37.0,83.0,257.0,Военмех - 2,96.0,3.0,28.0,4351.0
38.0,84.0,266.0,Военмех - 2,89.0,3.0,69.0,4450.0
39.0,84.0,272.0,Военмех - 2,82.0,3.0,70.0,4550.0
40.0,84.0,278.0,Военмех - 2,78.0,3.0,68.0,4651.0
41.0,84.0,285.0,Военмех - 2,76.0,3.0,67.0,4750.0
42.0,83.0,291.0,Военмех - 2,76.0,3.0,69.0,4851.0
43.0,83.0,298.0,Военмех - 2,76.0,3.0,68.0,4951.0
44.0,83.0,305.0,Военмех - 2,76.0,3.0,68.0,5051.0
45.0,83.0,311.0,Военмех - 2,76.0,3.0,72.0,5150.0
46.0,83.0,318.0,Военмех - 2,77.0,3.0,72.0,5250.0
47.0,83.0,324.0,Военмех - 2,77.0,3.0,68.0,5350.0
48.0,82.0,331.0,Военмех - 2,77.0,3.0,68.0,5450.0
49.0,82.0,337.0,Военмех - 2,77.0,3.0,67.0,5551.0
50.0,82.0,344.0,Военмех - 2,78.0,3.0,68.0,5650.0
51.0,82.0,350.0,Военмех - 2,77.0,3.0,67.0,5750.0
52.0,82.0,357.0,Военмех - 2,78.0,3.0,68.0,5850.0
53.0,82.0,363.0,Военмех - 2,79.0,3.0,64.0,5950.0
54.0,82.0,370.0,Военмех - 2,79.0,3.0,65.0,6050.0
55.0,82.0,376.0,Военмех - 2,79.0,3.0,66.0,6150.0
56.0,82.0,382.0,Военмех - 2,79.0,3.0,66.0,6250.0
57.0,82.0,389.0,Военмех - 2,79.0,3.0,65.0,6349.0
58.0,82.0,395.0,Военмех - 2,79.0,3.0,62.0,6450.0
59.0,82.0,401.0,Военмех - 2,80.0,3.0,63.0,6550.0
60.0,82.0,408.0,Военмех - 2,80.0,3.0,62.0,6650.0
61.0,82.0,414.0,Военмех - 2,80.0,3.0,60.0,6749.0
62.0,82.0,420.0,Военмех - 2,81.0,3.0,59.0,6850.0
63.0,82.0,426.0,Военмех - 2,81.0,3.0,56.0,6949.0
64.0,82.0,433.0,Военмех - 2,82.0,3.0,57.0,7050.0
65.0,82.0,439.0,Военмех - 2,82.0,3.0,57.0,7150.0
66.0,82.0,445.0,Военмех - 2,83.0,3.0,56.0,7250.0
67.0,82.0,451.0,Военмех - 2,83.0,3.0,58.0,7349.0
68.0,82.0,457.0,Военмех - 2,83.0,3.0,56.0,7450.0
69.0,82.0,463.0,Военмех - 2,84.0,3.0,54.0,7550.0
70.0,82.0,469.0,Военмех - 2,84.0,3.0,54.0,7649.0
71.0,82.0,475.0,Военмех - 2,83.0,3.0,54.0,7750.0
72.0,82.0,481.0,Военмех - 2,84.0,3.0,53.0,7850.0
73.0,82.0,487.0,Военмех - 2,84.0,3.0,55.0,7949.0
74.0,82.0,492.0,Военмех - 2,86.0,3.0,61.0,8050.0
75.0,82.0,497.0,Военмех - 2,86.0,3.0,61.0,8148.0
76.0,83.0,501.0,Военмех - 2,86.0,3.0,61.0,8249.0
77.0,83.0,505.0,Военмех - 2,110.0,3.0,19.0,8349.0
78.0,83.0,510.0,Военмех - 2,96.0,3.0,68.0,8450.0
79.0,83.0,516.0,Военмех - 2,85.0,3.0,64.0,8549.0
80.0,83.0,523.0,Военмех - 2,82.0,3.0,62.0,8649.0
81.0,83.0,529.0,Военмех - 2,81.0,3.0,55.0,8750.0
82.0,83.0,535.0,Военмех - 2,81.0,3.0,55.0,8850.0
83.0,83.0,541.0,Военмех - 2,83.0,2.0,50.0,9049.0
84.0,83.0,556.0,Военмех - 2,82.0,1.0,50.0,9250.0
85.0,83.0,568.0,Военмех - 2,83.0,1.0,47.0,9449.0
86.0,83.0,580.0,Военмех - 2,84.0,1.0,50.0,9649.0
87.0,83.0,592.0,Военмех - 2,85.0,1.0,50.0,9850.0
88.0,83.0,595.0,Военмех - 2,85.0,1.0,50.0,9850.0
89.0,83.0,607.0,Военмех - 2,84.0,1.0,51.0,10099.0
90.0,83.0,613.0,Военмех - 2,84.0,1.0,51.0,10149.0
91.0,83.0,625.0,Военмех - 2,83.0,1.0,51.0,10399.0
92.0,83.0,631.0,Военмех - 2,84.0,1.0,50.0,10449.0
93.0,83.0,643.0,Военмех - 2,83.0,1.0,52.0,10699.0
94.0,83.0,646.0,Военмех - 2,83.0,1.0,52.0,10699.0
95.0,83.0,661.0,Военмех - 2,84.0,1.0,50.0,11000.0
96.0,83.0,673.0,Военмех - 2,85.0,1.0,49.0,11199.0
97.0,83.0,676.0,Военмех - 2,85.0,1.0,49.0,11199.0
98.0,83.0,691.0,Военмех - 2,85.0,1.0,49.0,11499.0
99.0,83.0,694.0,Военмех - 2,85.0,1.0,49.0,11499.0
100.0,83.0,708.0,Военмех - 2,86.0,1.0,50.0,11849.0
101.0,83.0,723.0,Военмех - 2,87.0,1.0,49.0,12049.0
102.0,83.0,726.0,Военмех - 2,87.0,1.0,49.0,12049.0
103.0,83.0,731.0,Военмех - 2,87.0,1.0,49.0,12199.0
104.0,83.0,737.0,Военмех - 2,87.0,1.0,49.0,12249.0
105.0,83.0,743.0,Военмех - 2,87.0,4.0,50.0,12399.0
106.0,83.0,748.0,Военмех - 2,87.0,4.0,50.0,12499.0
107.0,83.0,752.0,Военмех - 2,96.0,4.0,37.0,12597.0
108.0,84.0,756.0,Военмех - 2,120.0,4.0,42.0,12698.0
109.0,84.0,761.0,Военмех - 2,124.0,4.0,65.0,12798.0
110.0,84.0,766.0,Военмех - 2,103.0,4.0,56.0,12899.0
111.0,84.0,772.0,Военмех - 2,86.0,4.0,51.0,12999.0
112.0,84.0,779.0,Военмех - 2,78.0,4.0,54.0,13100.0
113.0,84.0,785.0,Военмех - 2,76.0,4.0,54.0,13199.0
114.0,84.0,792.0,Военмех - 2,76.0,4.0,54.0,13300.0
115.0,84.0,799.0,Военмех - 2,75.0,4.0,53.0,13399.0
116.0,84.0,805.0,Военмех - 2,75.0,4.0,52.0,13499.0
117.0,84.0,812.0,Военмех - 2,75.0,4.0,51.0,13599.0
118.0,83.0,819.0,Военмех - 2,75.0,4.0,51.0,13699.0
119.0,83.0,826.0,Военмех - 2,76.0,4.0,51.0,13800.0
120.0,83.0,832.0,Военмех - 2,77.0,4.0,51.0,13900.0
121.0,83.0,839.0,Военмех - 2,77.0,4.0,51.0,13999.0
122.0,83.0,845.0,Военмех - 2,76.0,4.0,51.0,14099.0
123.0,83.0,852.0,Военмех - 2,76.0,4.0,52.0,14199.0
124.0,83.0,858.0,Военмех - 2,77.0,4.0,52.0,14299.0
125.0,83.0,865.0,Военмех - 2,77.0,4.0,50.0,14400.0
126.0,83.0,871.0,Военмех - 2,77.0,4.0,51.0,14499.0
127.0,83.0,878.0,Военмех - 2,78.0,4.0,52.0,14599.0
128.0,83.0,884.0,Военмех - 2,78.0,4.0,52.0,14699.0
129.0,83.0,890.0,Военмех - 2,78.0,4.0,51.0,14799.0
130.0,83.0,897.0,Военмех - 2,79.0,4.0,48.0,14899.0
131.0,83.0,903.0,Военмех - 2,80.0,4.0,48.0,14999.0
132.0,83.0,910.0,Военмех - 2,80.0,4.0,49.0,15098.0
133.0,83.0,916.0,Военмех - 2,80.0,4.0,49.0,15200.0
134.0,83.0,922.0,Военмех - 2,81.0,4.0,48.0,15298.0
135.0,83.0,928.0,Военмех - 2,81.0,4.0,48.0,15398.0
136.0,83.0,934.0,Военмех - 2,82.0,4.0,49.0,15499.0
137.0,83.0,940.0,Военмех - 2,82.0,4.0,50.0,15598.0
138.0,83.0,947.0,Военмех - 2,82.0,4.0,49.0,15699.0
139.0,83.0,953.0,Военмех - 2,82.0,4.0,49.0,15798.0
140.0,83.0,959.0,Военмех - 2,81.0,4.0,49.0,15898.0
141.0,83.0,965.0,Военмех - 2,82.0,4.0,49.0,15999.0
142.0,83.0,971.0,Военмех - 2,82.0,4.0,48.0,16099.0
143.0,83.0,977.0,Военмех - 2,83.0,4.0,47.0,16199.0
144.0,83.0,983.0,Военмех - 2,83.0,4.0,47.0,16298.0
145.0,83.0,989.0,Военмех - 2,84.0,4.0,45.0,16398.0
146.0,83.0,995.0,Военмех - 2,85.0,4.0,47.0,16499.0
147.0,0.0,1000.0,Военмех - 2,0.0,4.0,0.0,16533.0
0.0,281.0,2.0,Горный-2,127.0,3.0,0.0,150.0
1.0,161.0,7.0,Горный-2,100.0,4.0,63.0,251.0
2.0,129.0,11.0,Горный-2,100.0,6.0,63.0,300.0
3.0,114.0,17.0,Горный-2,87.0,5.0,64.0,401.0
4.0,105.0,24.0,Горный-2,82.0,5.0,64.0,501.0
5.0,100.0,30.0,Горный-2,80.0,6.0,62.0,601.0
6.0,96.0,37.0,Горный-2,79.0,5.0,57.0,751.0
7.0,93.0,43.0,Горный-2,79.0,5.0,58.0,851.0
8.0,92.0,50.0,Горный-2,79.0,5.0,58.0,1001.0
9.0,90.0,59.0,Горный-2,79.0,5.0,59.0,1051.0
10.0,89.0,65.0,Горный-2,79.0,5.0,59.0,1151.0
11.0,88.0,71.0,Горный-2,80.0,5.0,61.0,1250.0
12.0,87.0,77.0,Горный-2,81.0,5.0,58.0,1351.0
13.0,87.0,84.0,Горный-2,80.0,5.0,60.0,1451.0
14.0,86.0,90.0,Горный-2,80.0,5.0,61.0,1601.0
15.0,85.0,121.0,Горный-2,82.0,5.0,60.0,2101.0
16.0,85.0,127.0,Горный-2,81.0,5.0,60.0,2200.0
17.0,85.0,133.0,Горный-2,81.0,5.0,61.0,2300.0
18.0,84.0,142.0,Горный-2,82.0,5.0,61.0,2450.0
19.0,84.0,149.0,Горный-2,82.0,5.0,60.0,2551.0
20.0,84.0,154.0,Горный-2,82.0,5.0,60.0,2601.0
21.0,84.0,161.0,Горный-2,82.0,5.0,59.0,2751.0
22.0,84.0,167.0,Горный-2,83.0,5.0,59.0,2851.0
23.0,84.0,173.0,Горный-2,83.0,5.0,60.0,2951.0
24.0,84.0,179.0,Горный-2,83.0,5.0,59.0,3051.0
25.0,84.0,185.0,Горный-2,84.0,5.0,60.0,3151.0
26.0,84.0,191.0,Горный-2,85.0,5.0,55.0,3250.0
27.0,84.0,197.0,Горный-2,85.0,5.0,55.0,3350.0
28.0,84.0,202.0,Горный-2,86.0,5.0,57.0,3450.0
29.0,84.0,208.0,Горный-2,85.0,5.0,58.0,3551.0
30.0,84.0,214.0,Горный-2,86.0,5.0,59.0,3650.0
31.0,84.0,220.0,Горный-2,86.0,5.0,58.0,3750.0
32.0,84.0,226.0,Горный-2,86.0,5.0,55.0,3850.0
33.0,84.0,232.0,Горный-2,86.0,5.0,58.0,3951.0
34.0,84.0,237.0,Горный-2,87.0,5.0,57.0,4051.0
35.0,85.0,242.0,Горный-2,96.0,5.0,42.0,4149.0
36.0,85.0,247.0,Горный-2,106.0,6.0,88.0,4250.0
37.0,85.0,252.0,Горный-2,104.0,6.0,63.0,4350.0
38.0,85.0,261.0,Горный-2,93.0,5.0,66.0,4450.0
39.0,85.0,267.0,Горный-2,86.0,5.0,59.0,4551.0
40.0,85.0,273.0,Горный-2,83.0,5.0,61.0,4650.0
41.0,85.0,279.0,Горный-2,80.0,5.0,60.0,4750.0
42.0,85.0,286.0,Горный-2,79.0,5.0,58.0,4851.0
43.0,85.0,292.0,Горный-2,78.0,5.0,61.0,4950.0
44.0,85.0,299.0,Горный-2,78.0,5.0,62.0,5050.0
45.0,84.0,305.0,Горный-2,78.0,5.0,61.0,5150.0
46.0,84.0,312.0,Горный-2,78.0,5.0,62.0,5250.0
47.0,84.0,318.0,Горный-2,78.0,5.0,61.0,5351.0
48.0,84.0,325.0,Горный-2,78.0,5.0,62.0,5451.0
49.0,84.0,331.0,Горный-2,78.0,5.0,62.0,5551.0
50.0,84.0,338.0,Горный-2,78.0,5.0,61.0,5650.0
51.0,84.0,344.0,Горный-2,78.0,5.0,60.0,5751.0
52.0,84.0,350.0,Горный-2,78.0,5.0,63.0,5850.0
53.0,83.0,357.0,Горный-2,78.0,5.0,62.0,5951.0
54.0,83.0,363.0,Горный-2,78.0,5.0,63.0,6050.0
55.0,83.0,370.0,Горный-2,78.0,5.0,61.0,6150.0
56.0,83.0,376.0,Горный-2,79.0,5.0,61.0,6250.0
57.0,83.0,383.0,Горный-2,79.0,5.0,62.0,6351.0
58.0,83.0,389.0,Горный-2,79.0,5.0,60.0,6450.0
59.0,83.0,395.0,Горный-2,80.0,5.0,62.0,6551.0
60.0,83.0,401.0,Горный-2,80.0,5.0,61.0,6650.0
61.0,83.0,408.0,Горный-2,80.0,5.0,60.0,6750.0
62.0,83.0,414.0,Горный-2,80.0,5.0,60.0,6850.0
63.0,83.0,420.0,Горный-2,81.0,5.0,60.0,6951.0
64.0,83.0,426.0,Горный-2,82.0,5.0,59.0,7050.0
65.0,83.0,433.0,Горный-2,81.0,5.0,59.0,7150.0
66.0,83.0,439.0,Горный-2,82.0,5.0,58.0,7250.0
67.0,83.0,445.0,Горный-2,82.0,5.0,59.0,7350.0
68.0,83.0,451.0,Горный-2,82.0,5.0,58.0,7450.0
69.0,83.0,457.0,Горный-2,82.0,5.0,58.0,7551.0
70.0,83.0,463.0,Горный-2,82.0,5.0,55.0,7650.0
71.0,83.0,469.0,Горный-2,83.0,5.0,57.0,7750.0
72.0,83.0,475.0,Горный-2,83.0,5.0,55.0,7850.0
73.0,83.0,481.0,Горный-2,84.0,5.0,57.0,7950.0
74.0,83.0,487.0,Горный-2,84.0,4.0,55.0,8049.0
75.0,83.0,493.0,Горный-2,85.0,4.0,54.0,8150.0
76.0,83.0,499.0,Горный-2,87.0,4.0,62.0,8249.0
77.0,83.0,503.0,Горный-2,87.0,4.0,62.0,8348.0
78.0,83.0,508.0,Горный-2,105.0,4.0,78.0,8449.0
79.0,83.0,514.0,Горный-2,93.0,4.0,75.0,8550.0
80.0,83.0,519.0,Горный-2,87.0,4.0,80.0,8650.0
81.0,83.0,526.0,Горный-2,81.0,5.0,84.0,8750.0
82.0,83.0,532.0,Горный-2,80.0,5.0,79.0,8850.0
83.0,84.0,731.0,Горный-2,96.0,6.0,59.0,12399.0
84.0,85.0,736.0,Горный-2,97.0,6.0,56.0,12498.0
85.0,85.0,741.0,Горный-2,100.0,6.0,55.0,12599.0
86.0,85.0,746.0,Горный-2,100.0,6.0,55.0,12699.0
87.0,85.0,749.0,Горный-2,114.0,7.0,27.0,12799.0
88.0,85.0,754.0,Горный-2,119.0,7.0,66.0,12898.0
89.0,85.0,760.0,Горный-2,95.0,6.0,58.0,13000.0
90.0,85.0,766.0,Горный-2,86.0,6.0,55.0,13100.0
91.0,85.0,772.0,Горный-2,81.0,6.0,52.0,13199.0
92.0,85.0,778.0,Горный-2,81.0,6.0,52.0,13300.0
93.0,85.0,785.0,Горный-2,78.0,6.0,50.0,13400.0
94.0,85.0,791.0,Горный-2,77.0,6.0,48.0,13499.0
95.0,85.0,798.0,Горный-2,77.0,6.0,47.0,13599.0
96.0,85.0,804.0,Горный-2,78.0,7.0,48.0,13700.0
97.0,85.0,811.0,Горный-2,78.0,7.0,48.0,13799.0
98.0,85.0,817.0,Горный-2,78.0,7.0,48.0,13900.0
99.0,85.0,824.0,Горный-2,78.0,7.0,48.0,14000.0
100.0,85.0,830.0,Горный-2,78.0,7.0,48.0,14099.0
101.0,85.0,836.0,Горный-2,79.0,7.0,49.0,14200.0
102.0,85.0,843.0,Горный-2,79.0,7.0,49.0,14299.0
103.0,85.0,849.0,Горный-2,79.0,7.0,48.0,14399.0
104.0,85.0,855.0,Горный-2,80.0,7.0,49.0,14499.0
105.0,85.0,862.0,Горный-2,80.0,7.0,49.0,14599.0
106.0,84.0,868.0,Горный-2,80.0,7.0,48.0,14699.0
107.0,84.0,874.0,Горный-2,80.0,7.0,48.0,14800.0
108.0,84.0,880.0,Горный-2,80.0,7.0,48.0,14899.0
109.0,84.0,887.0,Горный-2,81.0,7.0,47.0,15000.0
110.0,84.0,893.0,Горный-2,81.0,7.0,47.0,15100.0
111.0,84.0,899.0,Горный-2,82.0,7.0,47.0,15199.0
112.0,84.0,905.0,Горный-2,82.0,7.0,47.0,15300.0
113.0,84.0,911.0,Горный-2,81.0,7.0,47.0,15399.0
114.0,84.0,918.0,Горный-2,81.0,7.0,48.0,15499.0
115.0,84.0,924.0,Горный-2,82.0,7.0,49.0,15599.0
116.0,84.0,930.0,Горный-2,82.0,7.0,50.0,15700.0
117.0,84.0,936.0,Горный-2,82.0,7.0,50.0,15799.0
118.0,84.0,942.0,Горный-2,82.0,7.0,50.0,15899.0
119.0,84.0,948.0,Горный-2,81.0,7.0,50.0,15999.0
120.0,84.0,954.0,Горный-2,82.0,7.0,47.0,16098.0
121.0,84.0,961.0,Горный-2,82.0,7.0,47.0,16199.0
122.0,84.0,967.0,Горный-2,82.0,7.0,47.0,16299.0
123.0,84.0,973.0,Горный-2,82.0,7.0,45.0,16398.0
124.0,84.0,979.0,Горный-2,83.0,7.0,47.0,16498.0
125.0,84.0,985.0,Горный-2,83.0,7.0,46.0,16598.0
126.0,84.0,991.0,Горный-2,83.0,7.0,46.0,16699.0
127.0,84.0,1000.0,Горный-2,84.0,7.0,46.0,16802.0
0.0,176.0,3.0,МВАА - 2,126.0,1.0,0.0,104.0
1.0,121.0,8.0,МВАА - 2,126.0,1.0,0.0,206.0
2.0,102.0,14.0,МВАА - 2,95.0,1.0,54.0,306.0
3.0,94.0,21.0,МВАА - 2,81.0,1.0,50.0,405.0
4.0,94.0,28.0,МВАА - 2,76.0,1.0,53.0,506.0
5.0,89.0,35.0,МВАА - 2,75.0,1.0,55.0,605.0
6.0,86.0,41.0,МВАА - 2,74.0,1.0,54.0,705.0
7.0,84.0,48.0,МВАА - 2,74.0,1.0,54.0,805.0
8.0,82.0,56.0,МВАА - 2,75.0,1.0,53.0,1006.0
9.0,82.0,65.0,МВАА - 2,75.0,1.0,53.0,1055.0
10.0,81.0,72.0,МВАА - 2,76.0,1.0,53.0,1155.0
11.0,81.0,78.0,МВАА - 2,77.0,1.0,52.0,1255.0
12.0,80.0,85.0,МВАА - 2,78.0,2.0,51.0,1355.0
13.0,80.0,91.0,МВАА - 2,77.0,2.0,53.0,1456.0
14.0,80.0,98.0,МВАА - 2,77.0,2.0,52.0,1605.0
15.0,79.0,130.0,МВАА - 2,77.0,2.0,52.0,2105.0
16.0,79.0,137.0,МВАА - 2,77.0,2.0,52.0,2204.0
17.0,79.0,143.0,МВАА - 2,78.0,2.0,53.0,2306.0
18.0,79.0,153.0,МВАА - 2,78.0,2.0,53.0,2455.0
19.0,79.0,159.0,МВАА - 2,78.0,2.0,53.0,2554.0
20.0,79.0,165.0,МВАА - 2,79.0,2.0,52.0,2605.0
21.0,79.0,172.0,МВАА - 2,79.0,2.0,52.0,2705.0
22.0,79.0,178.0,МВАА - 2,80.0,2.0,52.0,2805.0
23.0,79.0,184.0,МВАА - 2,81.0,2.0,51.0,2905.0
24.0,79.0,190.0,МВАА - 2,81.0,2.0,53.0,3056.0
25.0,79.0,197.0,МВАА - 2,81.0,2.0,52.0,3104.0
26.0,79.0,203.0,МВАА - 2,81.0,2.0,52.0,3254.0
27.0,79.0,209.0,МВАА - 2,82.0,2.0,50.0,3355.0
28.0,79.0,215.0,МВАА - 2,82.0,2.0,50.0,3405.0
29.0,79.0,221.0,МВАА - 2,82.0,2.0,49.0,3504.0
30.0,79.0,227.0,МВАА - 2,83.0,2.0,51.0,3655.0
31.0,79.0,233.0,МВАА - 2,83.0,2.0,51.0,3704.0
32.0,80.0,238.0,МВАА - 2,85.0,2.0,54.0,3853.0
33.0,80.0,244.0,МВАА - 2,85.0,2.0,54.0,3903.0
34.0,81.0,249.0,МВАА - 2,89.0,2.0,74.0,4055.0
35.0,81.0,255.0,МВАА - 2,89.0,2.0,74.0,4105.0
36.0,80.0,261.0,МВАА - 2,81.0,2.0,62.0,4204.0
37.0,80.0,268.0,МВАА - 2,79.0,2.0,65.0,4304.0
38.0,80.0,278.0,МВАА - 2,77.0,2.0,62.0,4455.0
39.0,80.0,284.0,МВАА - 2,77.0,2.0,60.0,4555.0
40.0,80.0,291.0,МВАА - 2,78.0,2.0,55.0,4655.0
41.0,80.0,297.0,МВАА - 2,78.0,2.0,58.0,4755.0
42.0,80.0,303.0,МВАА - 2,78.0,2.0,58.0,4855.0
43.0,80.0,310.0,МВАА - 2,79.0,2.0,55.0,4955.0
44.0,80.0,316.0,МВАА - 2,79.0,2.0,56.0,5055.0
45.0,80.0,322.0,МВАА - 2,79.0,2.0,53.0,5155.0
46.0,80.0,329.0,МВАА - 2,79.0,2.0,52.0,5255.0
47.0,80.0,335.0,МВАА - 2,78.0,2.0,53.0,5355.0
48.0,80.0,342.0,МВАА - 2,77.0,2.0,54.0,5455.0
49.0,80.0,348.0,МВАА - 2,79.0,2.0,50.0,5555.0
50.0,80.0,355.0,МВАА - 2,79.0,2.0,53.0,5654.0
51.0,80.0,361.0,МВАА - 2,79.0,2.0,53.0,5754.0
52.0,80.0,367.0,МВАА - 2,79.0,2.0,52.0,5855.0
53.0,80.0,374.0,МВАА - 2,78.0,1.0,51.0,5954.0
54.0,80.0,380.0,МВАА - 2,79.0,1.0,50.0,6055.0
55.0,80.0,387.0,МВАА - 2,79.0,1.0,51.0,6155.0
56.0,80.0,393.0,МВАА - 2,78.0,1.0,52.0,6255.0
57.0,80.0,399.0,МВАА - 2,78.0,1.0,52.0,6355.0
58.0,80.0,406.0,МВАА - 2,78.0,1.0,50.0,6455.0
59.0,80.0,412.0,МВАА - 2,79.0,1.0,50.0,6554.0
60.0,80.0,419.0,МВАА - 2,79.0,1.0,53.0,6655.0
61.0,80.0,425.0,МВАА - 2,79.0,1.0,51.0,6755.0
62.0,80.0,431.0,МВАА - 2,80.0,1.0,50.0,6855.0
63.0,80.0,438.0,МВАА - 2,80.0,1.0,50.0,6954.0
64.0,80.0,444.0,МВАА - 2,80.0,1.0,50.0,7054.0
65.0,80.0,450.0,МВАА - 2,81.0,1.0,51.0,7155.0
66.0,80.0,456.0,МВАА - 2,82.0,1.0,51.0,7254.0
67.0,80.0,462.0,МВАА - 2,82.0,1.0,50.0,7355.0
68.0,80.0,468.0,МВАА - 2,82.0,1.0,50.0,7455.0
69.0,80.0,474.0,МВАА - 2,83.0,1.0,49.0,7554.0
70.0,80.0,480.0,МВАА - 2,86.0,1.0,57.0,7655.0
71.0,80.0,485.0,МВАА - 2,86.0,1.0,57.0,7753.0
72.0,80.0,490.0,МВАА - 2,103.0,1.0,30.0,7853.0
73.0,80.0,495.0,МВАА - 2,103.0,1.0,30.0,7955.0
74.0,80.0,502.0,МВАА - 2,91.0,1.0,55.0,8055.0
75.0,80.0,508.0,МВАА - 2,79.0,1.0,57.0,8155.0
76.0,80.0,515.0,МВАА - 2,76.0,1.0,55.0,8254.0
77.0,80.0,522.0,МВАА - 2,75.0,1.0,53.0,8354.0
78.0,80.0,528.0,МВАА - 2,76.0,1.0,50.0,8454.0
79.0,80.0,535.0,МВАА - 2,76.0,1.0,52.0,8554.0
80.0,80.0,542.0,МВАА - 2,75.0,1.0,53.0,8655.0
81.0,80.0,548.0,МВАА - 2,76.0,1.0,51.0,8754.0
82.0,80.0,555.0,МВАА - 2,76.0,1.0,51.0,8854.0
83.0,79.0,779.0,МВАА - 2,71.0,1.0,67.0,12354.0
84.0,79.0,786.0,МВАА - 2,70.0,1.0,65.0,12455.0
85.0,79.0,793.0,МВАА - 2,70.0,1.0,67.0,12555.0
86.0,79.0,800.0,МВАА - 2,71.0,1.0,64.0,12654.0
87.0,79.0,807.0,МВАА - 2,71.0,1.0,65.0,12754.0
88.0,79.0,814.0,МВАА - 2,72.0,1.0,62.0,12854.0
89.0,79.0,821.0,МВАА - 2,73.0,1.0,63.0,13004.0
90.0,79.0,828.0,МВАА - 2,73.0,1.0,65.0,13104.0
91.0,79.0,835.0,МВАА - 2,73.0,1.0,62.0,13154.0
92.0,79.0,842.0,МВАА - 2,74.0,1.0,63.0,13304.0
93.0,79.0,848.0,МВАА - 2,74.0,1.0,62.0,13354.0
94.0,79.0,855.0,МВАА - 2,74.0,1.0,62.0,13453.0
95.0,79.0,862.0,МВАА - 2,75.0,1.0,61.0,13554.0
96.0,79.0,869.0,МВАА - 2,75.0,1.0,62.0,13654.0
97.0,79.0,875.0,МВАА - 2,76.0,1.0,62.0,13804.0
98.0,79.0,882.0,МВАА - 2,76.0,1.0,62.0,13854.0
99.0,79.0,889.0,МВАА - 2,77.0,1.0,61.0,14004.0
100.0,79.0,895.0,МВАА - 2,77.0,1.0,60.0,14104.0
101.0,79.0,902.0,МВАА - 2,77.0,1.0,62.0,14204.0
102.0,79.0,908.0,МВАА - 2,78.0,1.0,59.0,14303.0
103.0,79.0,914.0,МВАА - 2,78.0,1.0,61.0,14403.0
104.0,79.0,921.0,МВАА - 2,78.0,1.0,61.0,14504.0
105.0,79.0,927.0,МВАА - 2,79.0,1.0,58.0,14603.0
106.0,79.0,934.0,МВАА - 2,79.0,1.0,60.0,14704.0
107.0,79.0,940.0,МВАА - 2,80.0,1.0,60.0,14803.0
108.0,79.0,946.0,МВАА - 2,80.0,1.0,57.0,14904.0
109.0,79.0,952.0,МВАА - 2,81.0,1.0,60.0,15004.0
110.0,79.0,958.0,МВАА - 2,83.0,1.0,57.0,15104.0
111.0,79.0,965.0,МВАА - 2,83.0,1.0,58.0,15204.0
112.0,79.0,970.0,МВАА - 2,83.0,1.0,58.0,15304.0
113.0,79.0,976.0,МВАА - 2,84.0,1.0,56.0,15404.0
114.0,79.0,982.0,МВАА - 2,84.0,1.0,56.0,15503.0
115.0,79.0,988.0,МВАА - 2,85.0,1.0,57.0,15604.0
116.0,79.0,994.0,МВАА - 2,86.0,1.0,53.0,15702.0
117.0,0.0,1000.0,МВАА - 2,0.0,1.0,0.0,15751.0
0.0,0.0,1.0,Лесотехнический университет,0.0,6.0,0.0,101.0
1.0,249.0,6.0,Лесотехнический университет,113.0,6.0,0.0,202.0
2.0,151.0,11.0,Лесотехнический университет,93.0,6.0,61.0,303.0
3.0,124.0,17.0,Лесотехнический университет,89.0,5.0,55.0,403.0
4.0,112.0,23.0,Лесотехнический университет,86.0,9.0,53.0,503.0
5.0,106.0,29.0,Лесотехнический университет,86.0,9.0,50.0,603.0
6.0,102.0,35.0,Лесотехнический университет,86.0,9.0,50.0,703.0
7.0,102.0,40.0,Лесотехнический университет,85.0,9.0,51.0,804.0
8.0,98.0,47.0,Лесотехнический университет,84.0,9.0,49.0,904.0
9.0,96.0,55.0,Лесотехнический университет,85.0,9.0,46.0,1053.0
10.0,95.0,61.0,Лесотехнический университет,86.0,9.0,45.0,1153.0
11.0,94.0,67.0,Лесотехнический университет,85.0,9.0,48.0,1253.0
12.0,93.0,73.0,Лесотехнический университет,84.0,9.0,49.0,1353.0
13.0,93.0,79.0,Лесотехнический университет,84.0,9.0,49.0,1453.0
14.0,92.0,85.0,Лесотехнический университет,83.0,9.0,54.0,1553.0
15.0,89.0,115.0,Лесотехнический университет,84.0,9.0,53.0,2053.0
16.0,89.0,121.0,Лесотехнический университет,84.0,9.0,53.0,2153.0
17.0,89.0,127.0,Лесотехнический университет,84.0,9.0,53.0,2253.0
18.0,88.0,136.0,Лесотехнический университет,84.0,9.0,53.0,2403.0
19.0,88.0,142.0,Лесотехнический университет,84.0,9.0,53.0,2503.0
20.0,88.0,148.0,Лесотехнический университет,85.0,9.0,54.0,2604.0
21.0,88.0,154.0,Лесотехнический университет,85.0,9.0,54.0,2703.0
22.0,88.0,160.0,Лесотехнический университет,84.0,9.0,52.0,2803.0
23.0,88.0,166.0,Лесотехнический университет,85.0,9.0,51.0,2902.0
24.0,87.0,172.0,Лесотехнический университет,85.0,9.0,55.0,3003.0
25.0,87.0,178.0,Лесотехнический университет,85.0,8.0,54.0,3102.0
26.0,87.0,184.0,Лесотехнический университет,85.0,8.0,50.0,3203.0
27.0,87.0,190.0,Лесотехнический университет,85.0,8.0,54.0,3303.0
28.0,87.0,196.0,Лесотехнический университет,86.0,8.0,51.0,3403.0
29.0,87.0,201.0,Лесотехнический университет,86.0,8.0,51.0,3502.0
30.0,87.0,207.0,Лесотехнический университет,86.0,8.0,52.0,3602.0
31.0,87.0,213.0,Лесотехнический университет,87.0,8.0,52.0,3703.0
32.0,87.0,219.0,Лесотехнический университет,88.0,8.0,50.0,3802.0
33.0,87.0,225.0,Лесотехнический университет,87.0,8.0,52.0,3903.0
34.0,87.0,230.0,Лесотехнический университет,89.0,8.0,48.0,4002.0
35.0,87.0,236.0,Лесотехнический университет,89.0,8.0,48.0,4102.0
36.0,87.0,242.0,Лесотехнический университет,89.0,8.0,49.0,4203.0
37.0,87.0,247.0,Лесотехнический университет,87.0,8.0,49.0,4303.0
38.0,87.0,255.0,Лесотехнический университет,87.0,8.0,49.0,4453.0
39.0,87.0,258.0,Лесотехнический университет,87.0,8.0,49.0,4551.0
40.0,87.0,262.0,Лесотехнический университет,87.0,8.0,49.0,4652.0
41.0,89.0,266.0,Лесотехнический университет,114.0,8.0,14.0,4752.0
42.0,90.0,270.0,Лесотехнический университет,111.0,8.0,70.0,4853.0
43.0,90.0,275.0,Лесотехнический университет,103.0,8.0,66.0,4953.0
44.0,90.0,280.0,Лесотехнический университет,98.0,8.0,66.0,5052.0
45.0,90.0,286.0,Лесотехнический университет,97.0,8.0,66.0,5152.0
46.0,90.0,291.0,Лесотехнический университет,98.0,8.0,58.0,5252.0
47.0,91.0,296.0,Лесотехнический университет,100.0,9.0,61.0,5353.0
48.0,91.0,301.0,Лесотехнический университет,101.0,9.0,47.0,5452.0
49.0,91.0,306.0,Лесотехнический университет,101.0,10.0,47.0,5553.0
50.0,91.0,311.0,Лесотехнический университет,96.0,10.0,48.0,5652.0
51.0,91.0,317.0,Лесотехнический университет,92.0,10.0,49.0,5752.0
52.0,91.0,322.0,Лесотехнический университет,91.0,10.0,48.0,5852.0
53.0,91.0,328.0,Лесотехнический университет,90.0,10.0,48.0,5952.0
54.0,91.0,334.0,Лесотехнический университет,90.0,10.0,48.0,6052.0
55.0,91.0,339.0,Лесотехнический университет,90.0,10.0,48.0,6152.0
56.0,91.0,345.0,Лесотехнический университет,90.0,10.0,46.0,6252.0
57.0,91.0,350.0,Лесотехнический университет,90.0,10.0,46.0,6352.0
58.0,91.0,356.0,Лесотехнический университет,91.0,10.0,45.0,6453.0
59.0,91.0,361.0,Лесотехнический университет,91.0,10.0,45.0,6553.0
60.0,91.0,367.0,Лесотехнический университет,91.0,10.0,47.0,6652.0
61.0,91.0,372.0,Лесотехнический университет,92.0,10.0,49.0,6752.0
62.0,91.0,378.0,Лесотехнический университет,93.0,10.0,47.0,6852.0
63.0,91.0,383.0,Лесотехнический университет,94.0,10.0,50.0,6952.0
64.0,91.0,388.0,Лесотехнический университет,94.0,10.0,50.0,7053.0
65.0,91.0,394.0,Лесотехнический университет,94.0,10.0,49.0,7152.0
66.0,91.0,399.0,Лесотехнический университет,94.0,10.0,50.0,7251.0
67.0,91.0,405.0,Лесотехнический университет,94.0,10.0,46.0,7352.0
68.0,91.0,410.0,Лесотехнический университет,93.0,10.0,48.0,7453.0
69.0,91.0,415.0,Лесотехнический университет,93.0,10.0,48.0,7553.0
70.0,91.0,420.0,Лесотехнический университет,95.0,10.0,51.0,7652.0
71.0,91.0,425.0,Лесотехнический университет,97.0,10.0,52.0,7752.0
72.0,91.0,431.0,Лесотехнический университет,98.0,10.0,48.0,7852.0
73.0,91.0,436.0,Лесотехнический университет,96.0,10.0,48.0,7952.0
74.0,91.0,441.0,Лесотехнический университет,96.0,10.0,48.0,8052.0
75.0,91.0,446.0,Лесотехнический университет,95.0,10.0,45.0,8152.0
76.0,91.0,452.0,Лесотехнический университет,95.0,10.0,46.0,8252.0
77.0,91.0,457.0,Лесотехнический университет,97.0,10.0,46.0,8352.0
78.0,91.0,462.0,Лесотехнический университет,96.0,10.0,51.0,8452.0
79.0,91.0,467.0,Лесотехнический университет,96.0,10.0,51.0,8552.0
80.0,92.0,473.0,Лесотехнический университет,97.0,10.0,47.0,8652.0
81.0,92.0,478.0,Лесотехнический университет,96.0,10.0,47.0,8751.0
82.0,92.0,483.0,Лесотехнический университет,96.0,10.0,49.0,8851.0
83.0,92.0,488.0,Лесотехнический университет,96.0,10.0,49.0,8951.0
84.0,90.0,690.0,Лесотехнический университет,83.0,10.0,54.0,12352.0
85.0,89.0,696.0,Лесотехнический университет,83.0,10.0,53.0,12452.0
86.0,89.0,702.0,Лесотехнический университет,83.0,10.0,53.0,12552.0
87.0,89.0,708.0,Лесотехнический университет,84.0,10.0,52.0,12652.0
88.0,89.0,714.0,Лесотехнический университет,83.0,10.0,53.0,12752.0
89.0,89.0,720.0,Лесотехнический университет,84.0,10.0,57.0,12851.0
90.0,89.0,726.0,Лесотехнический университет,84.0,10.0,56.0,12951.0
91.0,89.0,732.0,Лесотехнический университет,84.0,10.0,55.0,13052.0
92.0,89.0,738.0,Лесотехнический университет,84.0,10.0,55.0,13151.0
93.0,89.0,744.0,Лесотехнический университет,84.0,10.0,56.0,13252.0
94.0,89.0,750.0,Лесотехнический университет,84.0,9.0,53.0,13352.0
95.0,89.0,756.0,Лесотехнический университет,84.0,9.0,53.0,13452.0
96.0,89.0,760.0,Лесотехнический университет,84.0,9.0,53.0,13551.0
97.0,89.0,764.0,Лесотехнический университет,103.0,9.0,22.0,13652.0
98.0,89.0,770.0,Лесотехнический университет,104.0,9.0,68.0,13752.0
99.0,89.0,776.0,Лесотехнический университет,90.0,9.0,72.0,13851.0
100.0,89.0,782.0,Лесотехнический университет,82.0,9.0,71.0,13952.0
101.0,89.0,788.0,Лесотехнический университет,82.0,9.0,66.0,14052.0
102.0,89.0,794.0,Лесотехнический университет,81.0,9.0,70.0,14152.0
103.0,89.0,800.0,Лесотехнический университет,80.0,9.0,71.0,14252.0
104.0,89.0,807.0,Лесотехнический университет,81.0,9.0,68.0,14352.0
105.0,89.0,813.0,Лесотехнический университет,81.0,9.0,68.0,14452.0
106.0,89.0,819.0,Лесотехнический университет,81.0,9.0,70.0,14552.0
107.0,89.0,825.0,Лесотехнический университет,82.0,9.0,66.0,14652.0
108.0,89.0,831.0,Лесотехнический университет,83.0,9.0,68.0,14752.0
109.0,89.0,837.0,Лесотехнический университет,83.0,9.0,69.0,14851.0
110.0,89.0,843.0,Лесотехнический университет,83.0,9.0,71.0,14951.0
111.0,89.0,849.0,Лесотехнический университет,83.0,9.0,72.0,15052.0
112.0,89.0,855.0,Лесотехнический университет,85.0,9.0,77.0,15151.0
113.0,89.0,861.0,Лесотехнический университет,87.0,9.0,68.0,15251.0
114.0,89.0,867.0,Лесотехнический университет,87.0,9.0,72.0,15351.0
115.0,89.0,872.0,Лесотехнический университет,87.0,9.0,72.0,15451.0
116.0,89.0,878.0,Лесотехнический университет,87.0,9.0,71.0,15552.0
117.0,89.0,884.0,Лесотехнический университет,86.0,9.0,70.0,15652.0
118.0,89.0,890.0,Лесотехнический университет,86.0,9.0,66.0,15751.0
119.0,89.0,896.0,Лесотехнический университет,86.0,9.0,68.0,15852.0
120.0,89.0,901.0,Лесотехнический университет,87.0,9.0,69.0,15951.0
121.0,89.0,907.0,Лесотехнический университет,88.0,9.0,70.0,16051.0
122.0,89.0,913.0,Лесотехнический университет,88.0,9.0,70.0,16152.0
123.0,89.0,918.0,Лесотехнический университет,89.0,9.0,68.0,16252.0
124.0,89.0,924.0,Лесотехнический университет,89.0,9.0,68.0,16351.0
125.0,89.0,930.0,Лесотехнический университет,89.0,9.0,72.0,16451.0
126.0,89.0,935.0,Лесотехнический университет,90.0,9.0,69.0,16552.0
127.0,89.0,941.0,Лесотехнический университет,90.0,9.0,70.0,16652.0
128.0,89.0,946.0,Лесотехнический университет,90.0,9.0,72.0,16750.0
129.0,89.0,952.0,Лесотехнический университет,92.0,9.0,70.0,16851.0
130.0,89.0,957.0,Лесотехнический университет,92.0,9.0,69.0,16951.0
131.0,89.0,963.0,Лесотехнический университет,92.0,9.0,67.0,17052.0
132.0,89.0,968.0,Лесотехнический университет,94.0,9.0,68.0,17151.0
133.0,89.0,974.0,Лесотехнический университет,94.0,9.0,69.0,17251.0
134.0,89.0,979.0,Лесотехнический университет,96.0,9.0,68.0,17351.0
135.0,89.0,984.0,Лесотехнический университет,96.0,9.0,67.0,17451.0
136.0,89.0,989.0,Лесотехнический университет,97.0,9.0,67.0,17550.0
137.0,89.0,994.0,Лесотехнический университет,98.0,9.0,65.0,17651.0
138.0,89.0,1000.0,Лесотехнический университет,98.0,10.0,67.0,17766.0
0.0,0.0,1.0,СПбГУТ-1,0.0,6.0,0.0,99.0
1.0,151.0,6.0,СПбГУТ-1,110.0,6.0,0.0,202.0
2.0,120.0,12.0,СПбГУТ-1,89.0,4.0,67.0,301.0
3.0,120.0,19.0,СПбГУТ-1,80.0,4.0,64.0,402.0
4.0,104.0,25.0,СПбГУТ-1,76.0,2.0,54.0,501.0
5.0,96.0,32.0,СПбГУТ-1,73.0,2.0,57.0,601.0
6.0,91.0,40.0,СПбГУТ-1,72.0,2.0,57.0,702.0
7.0,87.0,47.0,СПбГУТ-1,72.0,2.0,56.0,801.0
8.0,83.0,54.0,СПбГУТ-1,72.0,2.0,52.0,951.0
9.0,83.0,64.0,СПбГУТ-1,72.0,2.0,54.0,1051.0
10.0,82.0,71.0,СПбГУТ-1,71.0,2.0,55.0,1152.0
11.0,81.0,78.0,СПбГУТ-1,72.0,2.0,55.0,1251.0
12.0,80.0,85.0,СПбГУТ-1,73.0,1.0,53.0,1351.0
13.0,79.0,92.0,СПбГУТ-1,73.0,1.0,53.0,1452.0
14.0,79.0,99.0,СПбГУТ-1,73.0,1.0,53.0,1551.0
15.0,78.0,133.0,СПбГУТ-1,75.0,1.0,51.0,2051.0
16.0,77.0,139.0,СПбГУТ-1,75.0,1.0,51.0,2201.0
17.0,77.0,146.0,СПбГУТ-1,75.0,1.0,51.0,2252.0
18.0,77.0,156.0,СПбГУТ-1,75.0,1.0,52.0,2401.0
19.0,77.0,163.0,СПбГУТ-1,75.0,1.0,51.0,2501.0
20.0,77.0,169.0,СПбГУТ-1,77.0,1.0,49.0,2601.0
21.0,77.0,176.0,СПбГУТ-1,77.0,1.0,49.0,2702.0
22.0,77.0,182.0,СПбГУТ-1,77.0,1.0,51.0,2802.0
23.0,77.0,189.0,СПбГУТ-1,76.0,1.0,51.0,2901.0
24.0,77.0,195.0,СПбГУТ-1,76.0,1.0,52.0,3052.0
25.0,77.0,202.0,СПбГУТ-1,77.0,1.0,50.0,3101.0
26.0,77.0,209.0,СПбГУТ-1,77.0,1.0,51.0,3201.0
27.0,77.0,215.0,СПбГУТ-1,78.0,1.0,50.0,3301.0
28.0,77.0,221.0,СПбГУТ-1,78.0,1.0,50.0,3401.0
29.0,77.0,228.0,СПбГУТ-1,78.0,1.0,49.0,3501.0
30.0,77.0,234.0,СПбГУТ-1,79.0,1.0,50.0,3600.0
31.0,77.0,240.0,СПбГУТ-1,79.0,1.0,51.0,3700.0
32.0,77.0,247.0,СПбГУТ-1,81.0,1.0,51.0,3801.0
33.0,77.0,252.0,СПбГУТ-1,81.0,1.0,51.0,3900.0
34.0,77.0,257.0,СПбГУТ-1,81.0,1.0,51.0,4000.0
35.0,79.0,261.0,СПбГУТ-1,81.0,1.0,51.0,4099.0
36.0,79.0,266.0,СПбГУТ-1,102.0,1.0,18.0,4200.0
37.0,79.0,272.0,СПбГУТ-1,100.0,1.0,64.0,4301.0
38.0,79.0,281.0,СПбГУТ-1,84.0,1.0,61.0,4450.0
39.0,79.0,287.0,СПбГУТ-1,81.0,1.0,58.0,4551.0
40.0,79.0,293.0,СПбГУТ-1,81.0,1.0,56.0,4651.0
41.0,79.0,299.0,СПбГУТ-1,82.0,1.0,57.0,4751.0
42.0,79.0,306.0,СПбГУТ-1,81.0,1.0,56.0,4850.0
43.0,79.0,312.0,СПбГУТ-1,81.0,1.0,56.0,4951.0
44.0,79.0,318.0,СПбГУТ-1,81.0,1.0,57.0,5050.0
45.0,79.0,324.0,СПбГУТ-1,80.0,1.0,55.0,5151.0
46.0,79.0,331.0,СПбГУТ-1,80.0,1.0,59.0,5251.0
47.0,80.0,337.0,СПбГУТ-1,80.0,1.0,59.0,5351.0
48.0,80.0,343.0,СПбГУТ-1,81.0,1.0,56.0,5451.0
49.0,80.0,349.0,СПбГУТ-1,81.0,1.0,58.0,5551.0
50.0,80.0,355.0,СПбГУТ-1,81.0,1.0,57.0,5651.0
51.0,80.0,361.0,СПбГУТ-1,81.0,1.0,59.0,5751.0
52.0,80.0,368.0,СПбГУТ-1,82.0,1.0,61.0,5851.0
53.0,80.0,374.0,СПбГУТ-1,82.0,1.0,61.0,5950.0
54.0,80.0,380.0,СПбГУТ-1,82.0,2.0,61.0,6051.0
55.0,80.0,386.0,СПбГУТ-1,83.0,2.0,62.0,6150.0
56.0,80.0,392.0,СПбГУТ-1,82.0,2.0,63.0,6250.0
57.0,80.0,398.0,СПбГУТ-1,82.0,2.0,63.0,6350.0
58.0,80.0,404.0,СПбГУТ-1,82.0,2.0,64.0,6450.0
59.0,80.0,410.0,СПбГУТ-1,83.0,2.0,64.0,6551.0
60.0,80.0,416.0,СПбГУТ-1,84.0,2.0,60.0,6650.0
61.0,80.0,422.0,СПбГУТ-1,85.0,2.0,60.0,6751.0
62.0,80.0,428.0,СПбГУТ-1,85.0,2.0,60.0,6850.0
63.0,80.0,434.0,СПбГУТ-1,85.0,2.0,59.0,6950.0
64.0,80.0,440.0,СПбГУТ-1,84.0,2.0,59.0,7050.0
65.0,80.0,446.0,СПбГУТ-1,84.0,2.0,59.0,7151.0
66.0,80.0,452.0,СПбГУТ-1,84.0,2.0,59.0,7250.0
67.0,80.0,458.0,СПбГУТ-1,84.0,2.0,61.0,7351.0
68.0,80.0,464.0,СПбГУТ-1,85.0,2.0,59.0,7451.0
69.0,80.0,470.0,СПбГУТ-1,86.0,2.0,59.0,7551.0
70.0,81.0,475.0,СПбГУТ-1,86.0,2.0,58.0,7651.0
71.0,81.0,481.0,СПбГУТ-1,87.0,2.0,59.0,7751.0
72.0,81.0,487.0,СПбГУТ-1,88.0,2.0,59.0,7851.0
73.0,81.0,492.0,СПбГУТ-1,90.0,2.0,66.0,7950.0
74.0,81.0,497.0,СПбГУТ-1,90.0,2.0,66.0,8049.0
75.0,81.0,502.0,СПбГУТ-1,90.0,2.0,66.0,8149.0
76.0,82.0,506.0,СПбГУТ-1,112.0,2.0,20.0,8248.0
77.0,82.0,510.0,СПбГУТ-1,120.0,2.0,52.0,8350.0
78.0,82.0,515.0,СПбГУТ-1,120.0,2.0,52.0,8451.0
79.0,82.0,521.0,СПбГУТ-1,97.0,2.0,53.0,8551.0
80.0,82.0,527.0,СПбГУТ-1,83.0,2.0,63.0,8650.0
81.0,82.0,534.0,СПбГУТ-1,80.0,2.0,59.0,8751.0
82.0,82.0,540.0,СПбГУТ-1,78.0,2.0,60.0,8851.0
83.0,81.0,760.0,СПбГУТ-1,82.0,2.0,54.0,12349.0
84.0,82.0,764.0,СПбГУТ-1,82.0,2.0,54.0,12450.0
85.0,82.0,768.0,СПбГУТ-1,108.0,2.0,16.0,12550.0
86.0,82.0,774.0,СПбГУТ-1,99.0,2.0,66.0,12650.0
87.0,82.0,781.0,СПбГУТ-1,83.0,2.0,58.0,12750.0
88.0,82.0,788.0,СПбГУТ-1,76.0,2.0,56.0,12850.0
89.0,81.0,795.0,СПбГУТ-1,74.0,2.0,55.0,12949.0
90.0,81.0,802.0,СПбГУТ-1,73.0,2.0,54.0,13051.0
91.0,81.0,809.0,СПбГУТ-1,73.0,2.0,54.0,13150.0
92.0,81.0,816.0,СПбГУТ-1,73.0,2.0,54.0,13250.0
93.0,81.0,822.0,СПбГУТ-1,74.0,2.0,51.0,13350.0
94.0,81.0,829.0,СПбГУТ-1,75.0,2.0,54.0,13450.0
95.0,81.0,836.0,СПбГУТ-1,75.0,2.0,54.0,13551.0
96.0,81.0,842.0,СПбГУТ-1,76.0,2.0,53.0,13650.0
97.0,81.0,849.0,СПбГУТ-1,76.0,2.0,48.0,13750.0
98.0,81.0,855.0,СПбГУТ-1,76.0,2.0,53.0,13850.0
99.0,81.0,862.0,СПбГУТ-1,77.0,2.0,57.0,13950.0
100.0,81.0,868.0,СПбГУТ-1,78.0,2.0,57.0,14050.0
101.0,81.0,875.0,СПбГУТ-1,77.0,2.0,55.0,14150.0
102.0,81.0,881.0,СПбГУТ-1,77.0,2.0,55.0,14250.0
103.0,81.0,888.0,СПбГУТ-1,77.0,2.0,55.0,14350.0
104.0,81.0,895.0,СПбГУТ-1,76.0,2.0,55.0,14450.0
105.0,81.0,901.0,СПбГУТ-1,76.0,2.0,54.0,14550.0
106.0,81.0,908.0,СПбГУТ-1,76.0,2.0,54.0,14650.0
107.0,81.0,914.0,СПбГУТ-1,76.0,2.0,55.0,14749.0
108.0,81.0,921.0,СПбГУТ-1,77.0,2.0,53.0,14850.0
109.0,81.0,927.0,СПбГУТ-1,77.0,2.0,54.0,14950.0
110.0,81.0,934.0,СПбГУТ-1,78.0,2.0,54.0,15050.0
111.0,81.0,940.0,СПбГУТ-1,78.0,2.0,53.0,15150.0
112.0,81.0,947.0,СПбГУТ-1,78.0,2.0,54.0,15249.0
113.0,81.0,953.0,СПбГУТ-1,78.0,2.0,51.0,15349.0
114.0,81.0,960.0,СПбГУТ-1,78.0,2.0,52.0,15450.0
115.0,81.0,966.0,СПбГУТ-1,78.0,2.0,52.0,15550.0
116.0,81.0,972.0,СПбГУТ-1,79.0,2.0,52.0,15650.0
117.0,81.0,979.0,СПбГУТ-1,80.0,2.0,52.0,15750.0
118.0,81.0,985.0,СПбГУТ-1,80.0,2.0,53.0,15850.0
119.0,81.0,991.0,СПбГУТ-1,81.0,2.0,52.0,15949.0
120.0,81.0,997.0,СПбГУТ-1,82.0,2.0,50.0,16049.0
121.0,0.0,1000.0,СПбГУТ-1,0.0,2.0,0.0,16096.0
0.0,0.0,1.0,ПСПбГМУ-1,0.0,6.0,0.0,103.0
1.0,229.0,5.0,ПСПбГМУ-1,112.0,6.0,108.0,203.0
2.0,139.0,11.0,ПСПбГМУ-1,95.0,8.0,102.0,304.0
3.0,121.0,17.0,ПСПбГМУ-1,84.0,9.0,68.0,404.0
4.0,112.0,23.0,ПСПбГМУ-1,81.0,5.0,75.0,504.0
5.0,106.0,29.0,ПСПбГМУ-1,80.0,8.0,78.0,603.0
6.0,98.0,36.0,ПСПбГМУ-1,80.0,8.0,68.0,704.0
7.0,96.0,42.0,ПСПбГМУ-1,79.0,8.0,71.0,804.0
8.0,94.0,48.0,ПСПбГМУ-1,79.0,8.0,73.0,904.0
9.0,91.0,58.0,ПСПбГМУ-1,79.0,8.0,72.0,1053.0
10.0,90.0,64.0,ПСПбГМУ-1,79.0,5.0,73.0,1154.0
11.0,89.0,71.0,ПСПбГМУ-1,80.0,7.0,67.0,1254.0
12.0,88.0,77.0,ПСПбГМУ-1,80.0,7.0,64.0,1353.0
13.0,88.0,83.0,ПСПбГМУ-1,80.0,5.0,67.0,1454.0
14.0,87.0,89.0,ПСПбГМУ-1,82.0,6.0,65.0,1554.0
15.0,86.0,119.0,ПСПбГМУ-1,83.0,8.0,63.0,2053.0
16.0,86.0,125.0,ПСПбГМУ-1,85.0,8.0,64.0,2153.0
17.0,86.0,131.0,ПСПбГМУ-1,84.0,8.0,65.0,2253.0
18.0,86.0,140.0,ПСПбГМУ-1,84.0,7.0,66.0,2404.0
19.0,86.0,146.0,ПСПбГМУ-1,84.0,7.0,68.0,2503.0
20.0,85.0,152.0,ПСПбГМУ-1,83.0,7.0,65.0,2603.0
21.0,85.0,159.0,ПСПбГМУ-1,83.0,7.0,62.0,2704.0
22.0,85.0,165.0,ПСПбГМУ-1,83.0,7.0,66.0,2804.0
23.0,85.0,171.0,ПСПбГМУ-1,84.0,7.0,64.0,2904.0
24.0,85.0,177.0,ПСПбГМУ-1,84.0,7.0,65.0,3053.0
25.0,85.0,182.0,ПСПбГМУ-1,84.0,7.0,67.0,3102.0
26.0,85.0,188.0,ПСПбГМУ-1,85.0,7.0,60.0,3203.0
27.0,85.0,194.0,ПСПбГМУ-1,84.0,7.0,59.0,3303.0
28.0,85.0,200.0,ПСПбГМУ-1,84.0,7.0,61.0,3403.0
29.0,85.0,206.0,ПСПбГМУ-1,84.0,7.0,61.0,3503.0
30.0,85.0,212.0,ПСПбГМУ-1,84.0,7.0,60.0,3603.0
31.0,85.0,218.0,ПСПбГМУ-1,85.0,7.0,60.0,3702.0
32.0,85.0,224.0,ПСПбГМУ-1,85.0,7.0,59.0,3803.0
33.0,85.0,230.0,ПСПбГМУ-1,86.0,7.0,56.0,3903.0
34.0,85.0,236.0,ПСПбГМУ-1,86.0,7.0,57.0,4003.0
35.0,85.0,242.0,ПСПбГМУ-1,87.0,7.0,56.0,4103.0
36.0,85.0,247.0,ПСПбГМУ-1,88.0,5.0,57.0,4203.0
37.0,85.0,252.0,ПСПбГМУ-1,88.0,5.0,57.0,4303.0
38.0,86.0,259.0,ПСПбГМУ-1,105.0,6.0,30.0,4452.0
39.0,86.0,264.0,ПСПбГМУ-1,118.0,7.0,74.0,4553.0
40.0,86.0,269.0,ПСПбГМУ-1,97.0,7.0,61.0,4652.0
41.0,86.0,275.0,ПСПбГМУ-1,87.0,6.0,56.0,4753.0
42.0,86.0,281.0,ПСПбГМУ-1,83.0,7.0,57.0,4852.0
43.0,86.0,288.0,ПСПбГМУ-1,81.0,7.0,57.0,4954.0
44.0,86.0,294.0,ПСПбГМУ-1,80.0,7.0,58.0,5052.0
45.0,86.0,300.0,ПСПбГМУ-1,80.0,7.0,59.0,5153.0
46.0,86.0,306.0,ПСПбГМУ-1,80.0,7.0,59.0,5253.0
47.0,86.0,313.0,ПСПбГМУ-1,81.0,7.0,58.0,5353.0
48.0,86.0,319.0,ПСПбГМУ-1,80.0,7.0,59.0,5452.0
49.0,85.0,325.0,ПСПбГМУ-1,81.0,7.0,59.0,5553.0
50.0,85.0,331.0,ПСПбГМУ-1,82.0,7.0,57.0,5652.0
51.0,85.0,337.0,ПСПбГМУ-1,83.0,7.0,58.0,5754.0
52.0,85.0,343.0,ПСПбГМУ-1,83.0,7.0,57.0,5853.0
53.0,85.0,349.0,ПСПбГМУ-1,84.0,7.0,58.0,5952.0
54.0,85.0,355.0,ПСПбГМУ-1,84.0,7.0,55.0,6053.0
55.0,85.0,361.0,ПСПбГМУ-1,85.0,7.0,56.0,6153.0
56.0,85.0,367.0,ПСПбГМУ-1,85.0,7.0,58.0,6253.0
57.0,85.0,373.0,ПСПбГМУ-1,83.0,7.0,60.0,6353.0
58.0,85.0,379.0,ПСПбГМУ-1,84.0,7.0,60.0,6453.0
59.0,85.0,385.0,ПСПбГМУ-1,85.0,7.0,59.0,6552.0
60.0,85.0,391.0,ПСПбГМУ-1,85.0,7.0,60.0,6652.0
61.0,85.0,397.0,ПСПбГМУ-1,86.0,7.0,59.0,6753.0
62.0,85.0,403.0,ПСПбГМУ-1,86.0,7.0,59.0,6852.0
63.0,85.0,409.0,ПСПбГМУ-1,86.0,7.0,58.0,6953.0
64.0,85.0,414.0,ПСПбГМУ-1,86.0,7.0,57.0,7053.0
65.0,85.0,420.0,ПСПбГМУ-1,86.0,7.0,58.0,7152.0
66.0,85.0,426.0,ПСПбГМУ-1,86.0,7.0,56.0,7252.0
67.0,85.0,432.0,ПСПбГМУ-1,87.0,7.0,58.0,7353.0
68.0,85.0,437.0,ПСПбГМУ-1,88.0,7.0,57.0,7453.0
69.0,85.0,443.0,ПСПбГМУ-1,88.0,7.0,56.0,7552.0
70.0,85.0,449.0,ПСПбГМУ-1,89.0,7.0,59.0,7652.0
71.0,85.0,454.0,ПСПбГМУ-1,89.0,7.0,51.0,7753.0
72.0,85.0,460.0,ПСПбГМУ-1,88.0,7.0,59.0,7852.0
73.0,85.0,466.0,ПСПбГМУ-1,88.0,7.0,53.0,7952.0
74.0,85.0,472.0,ПСПбГМУ-1,89.0,7.0,52.0,8052.0
75.0,85.0,477.0,ПСПбГМУ-1,90.0,7.0,54.0,8152.0
76.0,86.0,482.0,ПСПбГМУ-1,90.0,7.0,54.0,8253.0
77.0,86.0,488.0,ПСПбГМУ-1,92.0,7.0,49.0,8352.0
78.0,86.0,493.0,ПСПбГМУ-1,94.0,7.0,49.0,8452.0
79.0,86.0,498.0,ПСПбГМУ-1,112.0,7.0,150.0,8552.0
80.0,86.0,502.0,ПСПбГМУ-1,107.0,7.0,144.0,8651.0
81.0,86.0,507.0,ПСПбГМУ-1,111.0,7.0,94.0,8751.0
82.0,87.0,512.0,ПСПбГМУ-1,105.0,7.0,83.0,8852.0
83.0,85.0,726.0,ПСПбГМУ-1,84.0,7.0,45.0,12352.0
84.0,85.0,732.0,ПСПбГМУ-1,84.0,7.0,45.0,12452.0
85.0,85.0,738.0,ПСПбГМУ-1,85.0,7.0,43.0,12552.0
86.0,85.0,744.0,ПСПбГМУ-1,85.0,7.0,46.0,12651.0
87.0,85.0,749.0,ПСПбГМУ-1,88.0,6.0,53.0,12752.0
88.0,85.0,754.0,ПСПбГМУ-1,88.0,6.0,53.0,12851.0
89.0,85.0,758.0,ПСПбГМУ-1,110.0,7.0,28.0,12951.0
90.0,86.0,763.0,ПСПбГМУ-1,104.0,7.0,74.0,13051.0
91.0,86.0,770.0,ПСПбГМУ-1,84.0,7.0,62.0,13152.0
92.0,85.0,777.0,ПСПбГМУ-1,76.0,7.0,58.0,13252.0
93.0,85.0,784.0,ПСПбГМУ-1,73.0,7.0,58.0,13353.0
94.0,85.0,791.0,ПСПбГМУ-1,72.0,7.0,58.0,13452.0
95.0,85.0,798.0,ПСПбГМУ-1,72.0,7.0,57.0,13552.0
96.0,85.0,805.0,ПСПбГМУ-1,72.0,6.0,56.0,13652.0
97.0,85.0,811.0,ПСПбГМУ-1,73.0,6.0,57.0,13752.0
98.0,85.0,818.0,ПСПбГМУ-1,73.0,6.0,56.0,13852.0
99.0,85.0,825.0,ПСПбГМУ-1,73.0,6.0,56.0,13953.0
100.0,84.0,832.0,ПСПбГМУ-1,73.0,6.0,56.0,14053.0
101.0,84.0,839.0,ПСПбГМУ-1,73.0,6.0,56.0,14152.0
102.0,84.0,846.0,ПСПбГМУ-1,73.0,6.0,56.0,14252.0
103.0,84.0,853.0,ПСПбГМУ-1,73.0,6.0,57.0,14352.0
104.0,84.0,860.0,ПСПбГМУ-1,74.0,6.0,57.0,14452.0
105.0,84.0,866.0,ПСПбГМУ-1,74.0,6.0,58.0,14552.0
106.0,84.0,873.0,ПСПбГМУ-1,75.0,6.0,55.0,14652.0
107.0,84.0,880.0,ПСПбГМУ-1,76.0,6.0,56.0,14751.0
108.0,84.0,886.0,ПСПбГМУ-1,76.0,6.0,56.0,14852.0
109.0,84.0,893.0,ПСПбГМУ-1,76.0,6.0,56.0,14951.0
110.0,84.0,899.0,ПСПбГМУ-1,77.0,5.0,56.0,15052.0
111.0,84.0,906.0,ПСПбГМУ-1,77.0,5.0,57.0,15152.0
112.0,84.0,912.0,ПСПбГМУ-1,78.0,5.0,55.0,15251.0
113.0,84.0,919.0,ПСПбГМУ-1,78.0,5.0,57.0,15352.0
114.0,84.0,925.0,ПСПбГМУ-1,78.0,5.0,56.0,15452.0
115.0,84.0,932.0,ПСПбГМУ-1,78.0,5.0,55.0,15552.0
116.0,83.0,938.0,ПСПбГМУ-1,78.0,5.0,55.0,15652.0
117.0,83.0,944.0,ПСПбГМУ-1,79.0,5.0,56.0,15753.0
118.0,83.0,951.0,ПСПбГМУ-1,79.0,5.0,57.0,15852.0
119.0,83.0,957.0,ПСПбГМУ-1,79.0,5.0,56.0,15952.0
120.0,83.0,963.0,ПСПбГМУ-1,80.0,5.0,56.0,16051.0
121.0,83.0,969.0,ПСПбГМУ-1,80.0,5.0,55.0,16151.0
122.0,83.0,976.0,ПСПбГМУ-1,81.0,5.0,54.0,16251.0
123.0,83.0,982.0,ПСПбГМУ-1,81.0,5.0,56.0,16352.0
124.0,83.0,988.0,ПСПбГМУ-1,82.0,5.0,57.0,16452.0
125.0,83.0,994.0,ПСПбГМУ-1,84.0,5.0,55.0,16552.0
126.0,83.0,1000.0,ПСПбГМУ-1,85.0,5.0,56.0,16653.0
0.0,0.0,1.0,ГУМРФ-1,0.0,6.0,0.0,100.0
1.0,298.0,5.0,ГУМРФ-1,124.0,9.0,0.0,199.0
2.0,163.0,11.0,ГУМРФ-1,99.0,8.0,61.0,300.0
3.0,127.0,17.0,ГУМРФ-1,82.0,5.0,62.0,400.0
4.0,112.0,24.0,ГУМРФ-1,79.0,5.0,63.0,501.0
5.0,103.0,30.0,ГУМРФ-1,78.0,5.0,60.0,601.0
6.0,98.0,37.0,ГУМРФ-1,78.0,6.0,60.0,701.0
7.0,95.0,43.0,ГУМРФ-1,79.0,6.0,59.0,801.0
8.0,92.0,49.0,ГУМРФ-1,80.0,6.0,57.0,900.0
9.0,90.0,59.0,ГУМРФ-1,81.0,5.0,57.0,1051.0
10.0,89.0,65.0,ГУМРФ-1,81.0,5.0,57.0,1150.0
11.0,88.0,71.0,ГУМРФ-1,80.0,5.0,60.0,1251.0
12.0,87.0,77.0,ГУМРФ-1,80.0,5.0,61.0,1351.0
13.0,87.0,84.0,ГУМРФ-1,80.0,5.0,59.0,1451.0
14.0,86.0,90.0,ГУМРФ-1,80.0,6.0,59.0,1550.0
15.0,85.0,120.0,ГУМРФ-1,83.0,6.0,59.0,2050.0
16.0,85.0,126.0,ГУМРФ-1,84.0,6.0,56.0,2151.0
17.0,85.0,132.0,ГУМРФ-1,84.0,6.0,58.0,2250.0
18.0,85.0,141.0,ГУМРФ-1,88.0,7.0,60.0,2400.0
19.0,85.0,147.0,ГУМРФ-1,87.0,7.0,61.0,2500.0
20.0,85.0,153.0,ГУМРФ-1,87.0,7.0,60.0,2601.0
21.0,86.0,158.0,ГУМРФ-1,87.0,7.0,60.0,2701.0
22.0,86.0,163.0,ГУМРФ-1,90.0,8.0,48.0,2800.0
23.0,86.0,169.0,ГУМРФ-1,95.0,8.0,55.0,2900.0
24.0,87.0,173.0,ГУМРФ-1,99.0,8.0,52.0,3050.0
25.0,87.0,179.0,ГУМРФ-1,99.0,8.0,52.0,3099.0
26.0,87.0,183.0,ГУМРФ-1,104.0,8.0,69.0,3200.0
27.0,88.0,188.0,ГУМРФ-1,111.0,9.0,77.0,3300.0
28.0,88.0,192.0,ГУМРФ-1,111.0,9.0,77.0,3398.0
29.0,88.0,196.0,ГУМРФ-1,111.0,9.0,77.0,3499.0
30.0,90.0,199.0,ГУМРФ-1,138.0,9.0,21.0,3599.0
31.0,91.0,203.0,ГУМРФ-1,123.0,10.0,62.0,3700.0
32.0,91.0,208.0,ГУМРФ-1,101.0,10.0,66.0,3800.0
33.0,91.0,214.0,ГУМРФ-1,94.0,10.0,64.0,3900.0
34.0,91.0,219.0,ГУМРФ-1,92.0,10.0,59.0,4001.0
35.0,91.0,225.0,ГУМРФ-1,92.0,10.0,63.0,4100.0
36.0,91.0,230.0,ГУМРФ-1,92.0,10.0,65.0,4200.0
37.0,91.0,236.0,ГУМРФ-1,93.0,9.0,61.0,4299.0
38.0,91.0,243.0,ГУМРФ-1,93.0,9.0,62.0,4450.0
39.0,91.0,248.0,ГУМРФ-1,93.0,9.0,62.0,4549.0
40.0,91.0,251.0,ГУМРФ-1,93.0,10.0,62.0,4648.0
41.0,93.0,256.0,ГУМРФ-1,116.0,10.0,17.0,4749.0
42.0,93.0,262.0,ГУМРФ-1,95.0,10.0,68.0,4850.0
43.0,93.0,268.0,ГУМРФ-1,85.0,10.0,67.0,4950.0
44.0,92.0,274.0,ГУМРФ-1,81.0,10.0,66.0,5050.0
45.0,92.0,281.0,ГУМРФ-1,79.0,10.0,66.0,5151.0
46.0,92.0,287.0,ГУМРФ-1,78.0,10.0,66.0,5250.0
47.0,91.0,293.0,ГУМРФ-1,79.0,10.0,65.0,5351.0
48.0,91.0,300.0,ГУМРФ-1,79.0,10.0,61.0,5451.0
49.0,91.0,306.0,ГУМРФ-1,79.0,9.0,62.0,5551.0
50.0,91.0,312.0,ГУМРФ-1,80.0,9.0,63.0,5650.0
51.0,90.0,319.0,ГУМРФ-1,80.0,9.0,63.0,5750.0
52.0,90.0,325.0,ГУМРФ-1,81.0,9.0,60.0,5850.0
53.0,90.0,331.0,ГУМРФ-1,81.0,9.0,62.0,5950.0
54.0,90.0,337.0,ГУМРФ-1,81.0,9.0,61.0,6050.0
55.0,90.0,343.0,ГУМРФ-1,82.0,9.0,62.0,6150.0
56.0,90.0,349.0,ГУМРФ-1,83.0,9.0,61.0,6250.0
57.0,89.0,355.0,ГУМРФ-1,84.0,9.0,57.0,6350.0
58.0,89.0,361.0,ГУМРФ-1,84.0,9.0,59.0,6450.0
59.0,89.0,367.0,ГУМРФ-1,84.0,9.0,61.0,6550.0
60.0,89.0,373.0,ГУМРФ-1,86.0,9.0,56.0,6650.0
61.0,89.0,379.0,ГУМРФ-1,86.0,9.0,56.0,6750.0
62.0,89.0,385.0,ГУМРФ-1,86.0,9.0,55.0,6849.0
63.0,89.0,391.0,ГУМРФ-1,86.0,9.0,55.0,6949.0
64.0,89.0,397.0,ГУМРФ-1,86.0,9.0,55.0,7050.0
65.0,89.0,402.0,ГУМРФ-1,85.0,9.0,56.0,7151.0
66.0,89.0,408.0,ГУМРФ-1,86.0,9.0,55.0,7249.0
67.0,89.0,414.0,ГУМРФ-1,86.0,9.0,54.0,7349.0
68.0,89.0,420.0,ГУМРФ-1,86.0,9.0,55.0,7450.0
69.0,89.0,426.0,ГУМРФ-1,87.0,9.0,53.0,7549.0
70.0,89.0,431.0,ГУМРФ-1,88.0,9.0,52.0,7650.0
71.0,89.0,437.0,ГУМРФ-1,89.0,9.0,52.0,7750.0
72.0,89.0,443.0,ГУМРФ-1,89.0,9.0,53.0,7849.0
73.0,89.0,448.0,ГУМРФ-1,89.0,9.0,53.0,7950.0
74.0,89.0,454.0,ГУМРФ-1,89.0,9.0,55.0,8050.0
75.0,89.0,459.0,ГУМРФ-1,90.0,9.0,53.0,8150.0
76.0,89.0,465.0,ГУМРФ-1,91.0,9.0,53.0,8250.0
77.0,89.0,470.0,ГУМРФ-1,91.0,9.0,53.0,8350.0
78.0,89.0,476.0,ГУМРФ-1,92.0,9.0,51.0,8450.0
79.0,89.0,481.0,ГУМРФ-1,93.0,9.0,50.0,8550.0
80.0,89.0,486.0,ГУМРФ-1,93.0,9.0,50.0,8649.0
81.0,89.0,490.0,ГУМРФ-1,93.0,9.0,50.0,8749.0
82.0,90.0,494.0,ГУМРФ-1,124.0,9.0,101.0,8849.0
83.0,90.0,499.0,ГУМРФ-1,116.0,9.0,68.0,8949.0
84.0,89.0,695.0,ГУМРФ-1,87.0,9.0,58.0,12349.0
85.0,89.0,700.0,ГУМРФ-1,86.0,9.0,57.0,12449.0
86.0,89.0,706.0,ГУМРФ-1,87.0,9.0,57.0,12549.0
87.0,89.0,712.0,ГУМРФ-1,87.0,9.0,59.0,12650.0
88.0,89.0,718.0,ГУМРФ-1,87.0,9.0,60.0,12749.0
89.0,89.0,723.0,ГУМРФ-1,88.0,9.0,59.0,12849.0
90.0,89.0,729.0,ГУМРФ-1,89.0,9.0,58.0,12950.0
91.0,89.0,734.0,ГУМРФ-1,91.0,9.0,56.0,13049.0
92.0,89.0,740.0,ГУМРФ-1,93.0,9.0,53.0,13149.0
93.0,89.0,745.0,ГУМРФ-1,94.0,9.0,56.0,13249.0
94.0,89.0,750.0,ГУМРФ-1,98.0,10.0,60.0,13348.0
95.0,89.0,754.0,ГУМРФ-1,98.0,10.0,60.0,13448.0
96.0,89.0,757.0,ГУМРФ-1,98.0,10.0,60.0,13548.0
97.0,90.0,760.0,ГУМРФ-1,98.0,10.0,60.0,13649.0
98.0,90.0,765.0,ГУМРФ-1,135.0,10.0,16.0,13749.0
99.0,90.0,771.0,ГУМРФ-1,87.0,10.0,72.0,13850.0
100.0,90.0,777.0,ГУМРФ-1,81.0,10.0,76.0,13949.0
101.0,90.0,783.0,ГУМРФ-1,79.0,10.0,72.0,14048.0
102.0,90.0,790.0,ГУМРФ-1,79.0,10.0,77.0,14149.0
103.0,90.0,796.0,ГУМРФ-1,79.0,10.0,71.0,14249.0
104.0,89.0,802.0,ГУМРФ-1,80.0,10.0,73.0,14349.0
105.0,89.0,808.0,ГУМРФ-1,81.0,10.0,74.0,14449.0
106.0,89.0,814.0,ГУМРФ-1,82.0,10.0,72.0,14549.0
107.0,89.0,821.0,ГУМРФ-1,82.0,10.0,72.0,14649.0
108.0,89.0,827.0,ГУМРФ-1,81.0,10.0,77.0,14750.0
109.0,89.0,833.0,ГУМРФ-1,81.0,10.0,80.0,14849.0
110.0,89.0,839.0,ГУМРФ-1,81.0,10.0,81.0,14948.0
111.0,89.0,845.0,ГУМРФ-1,82.0,10.0,83.0,15049.0
112.0,89.0,852.0,ГУМРФ-1,82.0,10.0,84.0,15149.0
113.0,89.0,858.0,ГУМРФ-1,82.0,10.0,84.0,15249.0
114.0,89.0,864.0,ГУМРФ-1,82.0,10.0,80.0,15349.0
115.0,89.0,870.0,ГУМРФ-1,82.0,10.0,81.0,15449.0
116.0,89.0,876.0,ГУМРФ-1,82.0,10.0,78.0,15549.0
117.0,89.0,882.0,ГУМРФ-1,84.0,10.0,77.0,15649.0
118.0,89.0,888.0,ГУМРФ-1,85.0,10.0,77.0,15748.0
119.0,89.0,894.0,ГУМРФ-1,85.0,10.0,78.0,15849.0
120.0,89.0,900.0,ГУМРФ-1,86.0,10.0,81.0,15949.0
121.0,89.0,905.0,ГУМРФ-1,86.0,10.0,77.0,16048.0
122.0,89.0,911.0,ГУМРФ-1,86.0,10.0,77.0,16149.0
123.0,89.0,917.0,ГУМРФ-1,87.0,10.0,80.0,16249.0
124.0,89.0,923.0,ГУМРФ-1,88.0,10.0,75.0,16349.0
125.0,89.0,929.0,ГУМРФ-1,88.0,10.0,79.0,16449.0
126.0,89.0,934.0,ГУМРФ-1,88.0,10.0,77.0,16549.0
127.0,89.0,940.0,ГУМРФ-1,88.0,10.0,73.0,16648.0
128.0,89.0,946.0,ГУМРФ-1,88.0,10.0,75.0,16748.0
129.0,89.0,951.0,ГУМРФ-1,89.0,9.0,73.0,16848.0
130.0,89.0,957.0,ГУМРФ-1,90.0,10.0,77.0,16949.0
131.0,89.0,962.0,ГУМРФ-1,92.0,9.0,77.0,17048.0
132.0,89.0,968.0,ГУМРФ-1,92.0,10.0,75.0,17147.0
133.0,89.0,973.0,ГУМРФ-1,93.0,9.0,76.0,17248.0
134.0,89.0,978.0,ГУМРФ-1,95.0,9.0,73.0,17349.0
135.0,89.0,984.0,ГУМРФ-1,95.0,9.0,78.0,17449.0
136.0,89.0,989.0,ГУМРФ-1,94.0,9.0,66.0,17549.0
137.0,89.0,994.0,ГУМРФ-1,93.0,9.0,71.0,17648.0
138.0,89.0,1000.0,ГУМРФ-1,93.0,9.0,72.0,17754.0
0.0,247.0,2.0,ВАС-2,136.0,2.0,0.0,100.0
1.0,147.0,7.0,ВАС-2,109.0,2.0,64.0,201.0
2.0,119.0,13.0,ВАС-2,89.0,2.0,63.0,302.0
3.0,107.0,19.0,ВАС-2,83.0,2.0,66.0,402.0
4.0,101.0,26.0,ВАС-2,82.0,2.0,65.0,502.0
5.0,97.0,32.0,ВАС-2,82.0,3.0,56.0,602.0
6.0,94.0,38.0,ВАС-2,81.0,4.0,61.0,702.0
7.0,92.0,44.0,ВАС-2,79.0,3.0,63.0,802.0
8.0,90.0,51.0,ВАС-2,78.0,4.0,60.0,902.0
9.0,87.0,60.0,ВАС-2,77.0,3.0,62.0,1051.0
10.0,86.0,67.0,ВАС-2,78.0,3.0,59.0,1151.0
11.0,85.0,73.0,ВАС-2,78.0,3.0,58.0,1251.0
12.0,85.0,80.0,ВАС-2,78.0,3.0,58.0,1352.0
13.0,85.0,86.0,ВАС-2,78.0,3.0,58.0,1452.0
14.0,84.0,93.0,ВАС-2,79.0,3.0,56.0,1552.0
15.0,83.0,124.0,ВАС-2,80.0,3.0,51.0,2052.0
16.0,83.0,130.0,ВАС-2,80.0,3.0,51.0,2152.0
17.0,83.0,136.0,ВАС-2,80.0,3.0,54.0,2252.0
18.0,83.0,145.0,ВАС-2,84.0,3.0,54.0,2401.0
19.0,83.0,151.0,ВАС-2,86.0,3.0,50.0,2502.0
20.0,83.0,157.0,ВАС-2,83.0,3.0,51.0,2602.0
21.0,83.0,163.0,ВАС-2,83.0,3.0,51.0,2702.0
22.0,83.0,169.0,ВАС-2,81.0,3.0,51.0,2802.0
23.0,83.0,176.0,ВАС-2,82.0,3.0,50.0,2902.0
24.0,83.0,182.0,ВАС-2,82.0,3.0,48.0,3001.0
25.0,83.0,188.0,ВАС-2,84.0,3.0,47.0,3101.0
26.0,83.0,194.0,ВАС-2,84.0,3.0,47.0,3202.0
27.0,83.0,200.0,ВАС-2,84.0,3.0,48.0,3301.0
28.0,83.0,206.0,ВАС-2,84.0,3.0,50.0,3401.0
29.0,83.0,212.0,ВАС-2,85.0,3.0,50.0,3501.0
30.0,83.0,218.0,ВАС-2,85.0,3.0,48.0,3601.0
31.0,83.0,223.0,ВАС-2,85.0,3.0,48.0,3701.0
32.0,83.0,229.0,ВАС-2,85.0,4.0,48.0,3802.0
33.0,83.0,235.0,ВАС-2,85.0,4.0,49.0,3901.0
34.0,83.0,241.0,ВАС-2,87.0,4.0,49.0,4001.0
35.0,83.0,245.0,ВАС-2,87.0,4.0,49.0,4100.0
36.0,84.0,250.0,ВАС-2,104.0,4.0,30.0,4201.0
37.0,84.0,255.0,ВАС-2,92.0,4.0,90.0,4301.0
38.0,84.0,265.0,ВАС-2,83.0,4.0,65.0,4452.0
39.0,84.0,271.0,ВАС-2,80.0,3.0,55.0,4551.0
40.0,84.0,278.0,ВАС-2,78.0,4.0,54.0,4652.0
41.0,84.0,284.0,ВАС-2,77.0,3.0,56.0,4752.0
42.0,84.0,291.0,ВАС-2,77.0,4.0,54.0,4852.0
43.0,83.0,297.0,ВАС-2,77.0,4.0,58.0,4951.0
44.0,83.0,304.0,ВАС-2,77.0,4.0,55.0,5052.0
45.0,83.0,310.0,ВАС-2,78.0,4.0,52.0,5151.0
46.0,83.0,317.0,ВАС-2,79.0,4.0,52.0,5251.0
47.0,83.0,323.0,ВАС-2,79.0,4.0,52.0,5352.0
48.0,83.0,329.0,ВАС-2,79.0,4.0,52.0,5451.0
49.0,83.0,336.0,ВАС-2,80.0,4.0,53.0,5551.0
50.0,83.0,342.0,ВАС-2,80.0,4.0,52.0,5651.0
51.0,83.0,348.0,ВАС-2,79.0,4.0,52.0,5751.0
52.0,83.0,355.0,ВАС-2,79.0,4.0,52.0,5851.0
53.0,83.0,361.0,ВАС-2,80.0,4.0,52.0,5952.0
54.0,82.0,367.0,ВАС-2,80.0,4.0,52.0,6051.0
55.0,82.0,373.0,ВАС-2,80.0,4.0,52.0,6151.0
56.0,82.0,380.0,ВАС-2,80.0,4.0,51.0,6251.0
57.0,82.0,386.0,ВАС-2,80.0,4.0,52.0,6351.0
58.0,82.0,392.0,ВАС-2,81.0,4.0,50.0,6451.0
59.0,82.0,398.0,ВАС-2,82.0,4.0,51.0,6551.0
60.0,82.0,405.0,ВАС-2,82.0,4.0,52.0,6651.0
61.0,82.0,411.0,ВАС-2,82.0,4.0,52.0,6751.0
62.0,82.0,417.0,ВАС-2,82.0,4.0,51.0,6851.0
63.0,82.0,423.0,ВАС-2,82.0,4.0,52.0,6951.0
64.0,82.0,429.0,ВАС-2,82.0,4.0,52.0,7050.0
65.0,82.0,435.0,ВАС-2,83.0,4.0,51.0,7151.0
66.0,82.0,441.0,ВАС-2,83.0,4.0,51.0,7252.0
67.0,82.0,447.0,ВАС-2,83.0,4.0,50.0,7350.0
68.0,82.0,453.0,ВАС-2,83.0,4.0,50.0,7451.0
69.0,82.0,459.0,ВАС-2,84.0,4.0,54.0,7551.0
70.0,82.0,465.0,ВАС-2,85.0,4.0,53.0,7651.0
71.0,82.0,471.0,ВАС-2,85.0,4.0,52.0,7751.0
72.0,82.0,477.0,ВАС-2,86.0,4.0,51.0,7851.0
73.0,82.0,482.0,ВАС-2,88.0,4.0,52.0,7951.0
74.0,83.0,488.0,ВАС-2,89.0,4.0,56.0,8050.0
75.0,83.0,492.0,ВАС-2,89.0,5.0,56.0,8149.0
76.0,83.0,496.0,ВАС-2,111.0,5.0,29.0,8250.0
77.0,83.0,501.0,ВАС-2,117.0,5.0,81.0,8350.0
78.0,83.0,507.0,ВАС-2,96.0,5.0,73.0,8451.0
79.0,83.0,513.0,ВАС-2,83.0,4.0,70.0,8551.0
80.0,83.0,520.0,ВАС-2,79.0,4.0,62.0,8651.0
81.0,83.0,527.0,ВАС-2,76.0,4.0,64.0,8752.0
82.0,83.0,533.0,ВАС-2,76.0,4.0,57.0,8851.0
83.0,83.0,540.0,ВАС-2,74.0,4.0,59.0,8952.0
84.0,82.0,753.0,ВАС-2,86.0,3.0,55.0,12351.0
85.0,82.0,759.0,ВАС-2,78.0,3.0,57.0,12450.0
86.0,82.0,766.0,ВАС-2,78.0,3.0,57.0,12551.0
87.0,82.0,773.0,ВАС-2,76.0,3.0,55.0,12651.0
88.0,82.0,779.0,ВАС-2,77.0,3.0,53.0,12750.0
89.0,82.0,786.0,ВАС-2,78.0,3.0,47.0,12850.0
90.0,82.0,792.0,ВАС-2,77.0,3.0,51.0,12950.0
91.0,82.0,799.0,ВАС-2,76.0,3.0,55.0,13051.0
92.0,82.0,805.0,ВАС-2,76.0,3.0,55.0,13151.0
93.0,82.0,812.0,ВАС-2,78.0,3.0,47.0,13251.0
94.0,82.0,818.0,ВАС-2,78.0,3.0,45.0,13351.0
95.0,82.0,825.0,ВАС-2,78.0,3.0,48.0,13450.0
96.0,82.0,831.0,ВАС-2,79.0,3.0,49.0,13550.0
97.0,82.0,837.0,ВАС-2,79.0,3.0,49.0,13650.0
98.0,82.0,844.0,ВАС-2,79.0,3.0,51.0,13751.0
99.0,82.0,850.0,ВАС-2,78.0,3.0,54.0,13850.0
100.0,82.0,856.0,ВАС-2,79.0,3.0,49.0,13950.0
101.0,82.0,863.0,ВАС-2,81.0,3.0,45.0,14051.0
102.0,81.0,869.0,ВАС-2,80.0,3.0,50.0,14151.0
103.0,81.0,875.0,ВАС-2,80.0,3.0,52.0,14251.0
104.0,81.0,881.0,ВАС-2,80.0,3.0,52.0,14351.0
105.0,81.0,887.0,ВАС-2,80.0,3.0,52.0,14450.0
106.0,81.0,894.0,ВАС-2,81.0,3.0,49.0,14550.0
107.0,81.0,900.0,ВАС-2,80.0,3.0,52.0,14650.0
108.0,81.0,906.0,ВАС-2,80.0,3.0,52.0,14750.0
109.0,81.0,913.0,ВАС-2,81.0,3.0,51.0,14850.0
110.0,81.0,919.0,ВАС-2,81.0,3.0,51.0,14951.0
111.0,81.0,925.0,ВАС-2,81.0,3.0,52.0,15051.0
112.0,81.0,931.0,ВАС-2,81.0,3.0,50.0,15151.0
113.0,81.0,937.0,ВАС-2,82.0,3.0,54.0,15250.0
114.0,81.0,943.0,ВАС-2,83.0,3.0,51.0,15351.0
115.0,81.0,949.0,ВАС-2,84.0,3.0,51.0,15449.0
116.0,81.0,955.0,ВАС-2,83.0,3.0,49.0,15550.0
117.0,81.0,961.0,ВАС-2,83.0,3.0,49.0,15650.0
118.0,81.0,967.0,ВАС-2,83.0,3.0,49.0,15749.0
119.0,81.0,973.0,ВАС-2,84.0,3.0,48.0,15849.0
120.0,82.0,979.0,ВАС-2,85.0,3.0,48.0,15950.0
121.0,82.0,985.0,ВАС-2,85.0,3.0,48.0,16051.0
122.0,82.0,991.0,ВАС-2,85.0,3.0,48.0,16151.0
123.0,82.0,997.0,ВАС-2,85.0,3.0,49.0,16249.0
124.0,82.0,1000.0,ВАС-2,87.0,3.0,48.0,16307.0
